油こほりともし火細き寝覚哉,abura kōri / tomoshi-bi hosoki / nezame kana (1685-87 ~ winter)
あち東風や面々さばき柳髪,achi kochi ya / men men sabaki / yanagi gami (1667 ~ spring)
於春々大哉春と云々,ah haru haru / ōinaru kana haru / to un nun (1680 ~ spring)
紫陽草や帷子時の薄浅黄,ajisai ya / katabira-doki no / usu asagi (1684-94 ~ summer)
紫陽草や薮を小庭の別座敷,ajisai ya / yabu o ko niwa no / betsu zashiki (1694 ~ summer)
あかあかと日は難面くも秋の風,aka aka to / hi wa tsurenaku mo / aki no kaze (Oku no hosomichi) (1689 ~ autumn)
曙はまだ紫にほととぎす,akebono wa / mada murasaki ni / hototogisu (1690 ~ spring)
曙や霧にうづまく鐘の声,akebono ya / kiri ni uzumaku / kane no koe (1689 ~ autumn)
明けぼのや白魚しろきこと一寸,akebono ya / shira uo shiroki / koto issun (Nozarashi kikō) (1684 ~ winter)
明けゆくや二十七夜も三日の月,ake yuku ya / nijūshichiya mo / mika no tsuki (1686 ~ autumn)
秋近き心の寄るや四畳半,aki chikaki / kokoro no yoru ya / yo jō han (1694 ~ autumn)
秋深き隣は何をする人ぞ,aki fukaki / to nari wa nani o / suru hito zo (1694 ~ autumn)
秋風に折れて悲しき桑の杖,akikaze ni / orete kanashiki / kuwa no tsue (1693 ~ autumn)
秋風の吹けども青し栗の毬,aki kaze no / fuke domo aoshi / kuri no iga (1691 ~ autumn)
秋風の鑓戸の口やとがり声,aki kaze no / yarido no kuchi ya / togari-goe (1666 ~ autumn)
秋風や桐に動きて蔦の霜,aki kaze ya / kiri ni ugokite / tsuta no shimo (1691 ~ autumn)
秋風や薮も畠も不破の関,aki kaze ya / yabu mo hatake mo / Fuwa no seki (Nozarashi kikō) (1684 ~ autumn)
秋来にけり耳を訪ねて枕の風,aki ki ni keri / mimi o tazune te / makura no kaze (1677 ~ autumn)
秋来ぬと妻恋ふ星や鹿の革,aki ki nu to / tsuma kou hoshi ya / shika no kawa (1678 ~ summer)
秋もはやばらつく雨に月の形,aki mo haya / baratsuku ame ni / tsuki no nari (1694 ~ autumn)
秋に添うて行かばや末は小松川,aki ni soute / yuka baya sue wa / Komatsu-gawa (1692 ~ autumn)
秋の色糠味噌壷もなかりけり,aki no iro / nukamiso tsubo mo / nakari keri (1691 ~ autumn)
秋の風伊勢の墓原なほ凄し,aki no kaze / Ise no hakahara / nao sugoshi (1689 ~ autumn)
秋の夜を打ち崩したる咄かな,aki no yo o / uchi kuzushitaru / hanashi kana (1694 ~ autumn)
秋を経て蝶もなめるや菊の露,aki o hete / chō mo nameru ya / kiku no tsuyu (1688 ~ autumn)
秋涼し手毎にむけや瓜茄子,aki suzushi / te goto ni muke ya / uri nasubi (Oku no hosomichi) (1689 ~ autumn)
秋十年却って江戸を指す故郷,aki totose / kaette Edo o / sasu kokyō (Nozarashi kikō) (1684 ~ autumn)
あこくその心も知らず梅の花,Akokuso no / kokoro mo shira zu / ume no kana (1688 ~ spring)
海士の顔まづ見らるるや芥子の花,ama no kao / mazu mi raruru ya / keshi no hana (Oi no kobumi) (1688 ~ summer)
海士の屋は小海老にまじるいとど哉,ama no ya wa / koebi ni majiru / itodo kana (1690 ~ autumn)
雨の日や世間の秋を境町,ame no hi ya / seken no aki o / sakai-chō (1678 ~ autumn)
雨折々思ふ事なき早苗哉,ame ori ori / omou koto naki / sanae kana (1684-94 ~ summer)
あなむざんや甲の下のきりぎりす,ana muzan ya / kabuto no shita no / kirigirisu (1689 ~ autumn)
あの雲は稲妻を待つたよりかな,ano kumo wa / inazuma o matsu / tayori kana (1688 ~ summer)
あの中に蒔絵書きたし宿の月,ano naka ni / maki e kaki tashi / yado no tsuki (Sarashina kikō) (1688 ~ autumn)
青くてもあるべきものを唐辛子,aoku te mo / arubeki mono o / tōgarashi (1692 ~ autumn)
青柳の泥にしだるる潮干かな,aoyagi no / doro ni shidaruru / shiohi kana (1694 ~ spring)
青ざしや草餅の穂に出でつらん,aozashi ya / kusa mochi no ho ni / ide tsu ran (1683 ~ summer)
あら何ともなや昨日は過ぎて河豚汁,ara nantomo na ya / kinō wa sugite / fukuto-jiru (1678 ~ spring)
霰聞くやこの身はもとの古柏,arare kiku ya / kono mi wa moto no / furu gashiwa (1683 ~ winter)
霰まじる帷子雪は小紋かな,arare majiru / katabira yuki wa / komon kana (1666 ~ winter)
霰せば網代の氷魚を煮て出さん,arare se ba / ajiro no hio o / nite dasa n (1689 ~ winter)
嵐山薮の茂りや風の筋,Arashiyama / yabu no shigeri ya / kaze no suji (Saga nikki) (1691 ~ autumn)
あらたふと青葉若葉の日の光,ara tōto / aoba wakaba no / hi no hikari (Oku no hosomichi) (1689 ~ spring)
荒海や佐渡に横たふ天の河,ara umi ya / Sado ni yokotau / Ama-no-gawa (Oku no hosomichi) (1689 ~ summer)
有明も三十日に近し餅の音,ariake mo / misoka ni chikashi / mochi no oto (1693 ~ winter)
有難き姿拝まんかきつばた,arigataki / sugata ogaman / kakitsubata (1688 ~ summer)
有難や雪を薫らす風の音,arigata ya / yuki o kaorasu / kaze no oto (1689 ~ summer)
有難や雪を薫らす南谷,arigata ya / yuki o kaorasu / minami dani (Oku no hosomichi) (1689 ~ summer)
有難や雪をめぐらす風の音,arigata ya / yuki o megurasu / kaze no oto (1689 ~ summer)
朝茶飲む僧静かなり菊の花,asa cha nomu / sō shizukanari / kiku no hana (1690 ~ autumn)
朝顔に我は飯食ふ男哉,asagao ni / ware wa meshi kū / otoko kana (1682 ~ summer)
朝顔は下手の書くさへあはれなり,asagao wa / heta no kaku sae / aware nari (1687 ~ summer)
朝顔は酒盛知らぬ盛り哉,asagao wa / sakamori shi ra nu / sakari kana (1688 ~ summer)
朝顔や昼は鎖おろす門の垣,asagao ya / hiru wa jō orosu / mon no kaki (1693 ~ autumn)
蕣や是も叉我が友ならず,asagao ya / kore mo mata waga / tomo nara zu (1693 ~ autumn)
あさむつや月見の旅の明け離れ,Asamutsu ya / tsukimi no tabi no / ake-banare (1689 ~ autumn)
朝な朝な手習ひすすむきりぎりす,asa na asa na / tenarai susumu / kirigirisu (1684-94 ~ autumn)
朝露によごれて涼し瓜の土,asatsuyu ni / yogore te suzushi / uri no tsuchi (1694 ~ summer)
朝夜さを誰まつしまぞ片心,asa yosa o / tare Matsushima zo / kata-gokoro (1684-94 ~ mixed seasons)
足洗うてつひ明けやすき丸寝かな,ashi arōte / tsui ake-yasuki / marone kana (1688 ~ summer)
遊び来ぬ鰒釣りかねて七里まで,asobi kinu / fuku tsuri kane te / shichi ri made (1684 ~ winter)
明日の月雨占なはん比那が嶽,asu no tsuki / ame uranawa n / Hina-ga-dake (1689 ~ autumn)
明日は粽難波の枯葉夢なれや,asu wa chimaki / Naniwa no kareha / yume nare ya (1677 ~ summer)
暑き日を海に入れたり最上川,atsuki hi o / umi ni iretari / Mogami-gawa (Oku no hosomichi) (1689 ~ summer)
温海山や吹浦かけて夕涼み,Atsumi-yama ya / Fukūra kake te / yū suzumi (Oku no hosomichi) (1689 ~ summer)
粟稗にとぼしくもあらず草の庵,awa hie ni / toboshiku mo ara zu / kusa no io (1688 ~ summer)
あやめ草足に結ばん草鞋の緒,ayamegusa / ashi ni musuba n / waraji no o (Oku no hosomichi) (1689 ~ summer)
あやめ生ひけり軒の鰯のされかうべ,ayame oi keri / noki no iwashi no / sarekōbe (1678 ~ spring)
鮎の子の白魚送る別れかな,ayu no ko no / shirauo okuru / wakare kana (1689 ~ spring)
芭蕉葉を柱に懸けん庵の月,bashō ba o / hashira ni kaken / io no tsuki (1692 ~ summer)
芭蕉野分して盥に雨を聞く夜哉,bashō nowaki shite / tarai ni ame o / kiku yo kana (1681 ~ mixed seasons)
ばせを植ゑてまづ憎む荻の二葉哉,bashō uete / mazu nikumu ogi no / futaba kana (1681 ~ spring)
びいと啼く尻声悲し夜の鹿,bii to naku / shirigoe kanashi / yoru no shika (1694 ~ autumn)
琵琶行の夜や三味線の音霰,biwakō no / yo ya samisen no / oto arare (1684 ~ winter)
牡丹蘂深く分け出づる蜂の名残り哉,botan shibe fukaku / wake izuru hachi no / nagori kana (Nozarashi kikō) (1685 ~ summer)
不精さや抱き起こさるる春の雨,bushōsa ya / dakiokosaruru / haru no ame (1691 ~ spring)
不精さや掻き起されし春の雨,bushōsa ya / kakiokosareshi / haru no ame (1691 ~ spring)
屏風には山を画書いて冬籠り,byōbu ni wa / yama o egaite / fuyu-gomori (1689 ~ winter)
病雁の夜寒に落ちて旅寝かな,byōgan no / yosamu ni ochite / tabine kana (1690 ~ autumn)
父母のしきりに恋し雉の声,chichi haha no / shikirini koishi / kiji no koe (Oi no kobumi) (1688 ~ spring)
千鳥立ち更け行く初夜の日枝颪,chidori tachi / fuke yuku shoya no / hieoroshi (Year unknown ~ winter)
粽結ふ片手にはさむ額髪,chimaki yū / katate ni hasamu / hitai gami (1691 ~ summer)
地に倒れ根に寄り花の別れかな,chi ni taore / ne ni yori hana no / wakare kana (1686 ~ spring)
散る花や鳥も驚く琴の塵,chiru hana ya / tori mo odoroku / koto no chiri (Year unknown ~ spring) 
散る柳 あるじも我も 鐘を聞く,chiru yanagi / aruji mo ware mo / kane o kiku (1689 ~ autumn) 
萵はまだ青葉ながらに茄子汁,chisa wa mada / aoba nagara ni / nasubi-jiru (1694 ~ mixed seasons)
蝶も来て酢を吸ふ菊の膾哉,chō mo kite / su o sūkiku no / namasu kana (1690 ~ autumn)
蝶の羽のいくたび越ゆる塀の屋根,chō no ha no / ikutabi koyuru / hei no yane (1690 ~ spring)
蝶の飛ぶばかり野中の日影哉,chō no tobu / bakari nonaka no / hikage kana (1685 ~ summer)
長嘯の墓もめぐるか鉢叩き,Chōsō no / haka mo meguru ka / hachitataki (1689 ~ winter)
蝶鳥の浮はつき立つや花の雲,chō tori no / uwatsuki tatsu ya / hana no kumo (1684-94 ~ spring)
蝶よ蝶よ唐土の俳諧問はん,chō yo chō yo / morokoshi no / haikai towa n (Year unknown ~ spring)
内裏雛人形天皇の御宇とかや,dairi bina / ningyō tennō no / gyo u to ka ya (1678 ~ spring)
どんみりと樗や雨の花曇り,"donmiri to / ouchi ya ame no / hana-gumori (1694 ~ spring, written in summer)"
土手の松花や木深き殿造り,dote no matsu / hana ya ko bukaki / tono-zukuri (1690 ~ spring)
恵比寿講酢売に袴着せにけり,Ebisu kō / su uri ni hakama / kiseni keri (1693 ~ winter)
枝ぶりの日ごとに変る芙蓉かな,eda buri no / higoto ni kawaru / fuyō kana (1689 ~ summer)
枝もろし緋唐紙破る秋の風,eda moroshi / hi tōshi yaburu / aki no kaze (1677 ~ autumn)
叡慮にて賑ふ民の庭竃,eiryo nite / nigiwau tami no / niwakamado (1688 ~ New Year)
艶ナル奴今様花に弄斎ス,en naru yakko / imayō hana ni / rōsai su (1682 ~ spring)
榎の実散る椋の羽音や朝嵐,e no mi chiru / muku no haoto ya / asa arashi (1684-94 ~ winter)
風月の財も離れよ深見艸,fūgetsu no / zai mo hanareyo / fukami-gusa (1693 ~ spring)
富士の風や扇にのせて江戸土産,Fuji no kaze ya / ōgi ni nosete / Edo miyage (1676 ~ summer)
藤の実は俳諧にせん花の跡,fuji no mi wa / haikai ni se n / hana no ato (1689 ~ autumn)
富士の山蚤が茶臼の覆ひかな,Fuji no yama / nomi ga cha usu no / ooi kana (1676 ~ mixed seasons)
富士の雪廬生が夢を築かせたり,Fuji no yuki / Rosei ga yume o / tsukase tari (1677 ~ winter)
吹き飛ばす石は浅間の野分哉,fuki tobasu / ishi wa Asama no / nowaki kana (Sarashina kikō) (1688 ~ autumn)
吹く風の中を魚飛ぶ御祓かな,fuku kaze no / naka o uo tobu / misogi kana (1688 ~ summer) 
吹くたびに蝶のゐなほる柳かな,fuku tabi ni / chō no inaoru / yanagi kana (Year unknown ~ spring) 
文ならぬいろはもかきて火中哉,fumi nara nu / iroha mo kaki te / kachū kana (Year unknown ~ autumn)
文月や六日も常の夜には似ず,fumizuki ya / muika mo tsune no / yo ni wa ni zu (Oku no hosomichi) (1689 ~ summer)
船足も休む時あり浜の桃,funa ashi mo / yasumu toki ari / hama no momo (1685 ~ spring)
分別の底たたきけり年の暮,funbetsu no / soko tataki keri / toshi no kure (1688 ~ New Year)
降らずとも竹植うる日は蓑と笠,fura zu tomo / take ūru hi wa / mino to kasa (Year unknown ~ summer)
振売の鴈あはれなり恵比寿講,furi uri no / gan awarenari / Ebisu kō (1693 ~ winter)
古畑やなづな摘みゆく男ども,furu hata ya / nazuna tsumi yuku / otoko domo (1686 ~ New Year)
古池や蛙飛びこむ水の音,furu ike ya / kawazu tobikomu / mizu no oto (1681-82 ~ spring)
古川にこびて目を張る柳かな,furu kawa ni / kobite me o haru / yanagi kana (1684-94 ~ spring)
古き名の角鹿や恋し秋の月,furuki na no / tsunuga ya koishi / aki no tsuki (1689 ~ autumn)
降る音や耳も酢うなる梅の雨,furu oto ya / mimi mo sū-naru / ume no ame (1666 ~ spring)
旧里や臍の緒に泣く年の暮,furu sato ya / heso no o ni naku / toshi no kure (Oi no kobumi) (1687 ~ New Year)
古巣ただあはれなるべき隣かな,furusu tada / aware naru beki / tonari kana (1686 ~ non-seasonal)
風流の初めや奥の田植歌,fūryū no / hajime ya oku no / ta ue uta (Oku no hosomichi) (1689 ~ summer)
二人見し雪は今年も降りけるか,futari mishi / yuki wa kotoshi mo / furikeru ka (1688 ~ winter)
二日酔ひものかは花のあるあひだ,futsuka ei / monokawa hana no / aru aida (1681 ~ spring)
二日にもぬかりはせじな花の春,futsuka ni mo / nukari wa seji na / hana no haru (Oi no kobumi) (1688 ~ New Year)
冬牡丹千鳥よ雪のほととぎす,fuyu botan / chidori yo yuki no / hototogisu (Nozarashi kikō) (1684 ~ winter)
冬籠りまた寄りそはんこの柱,fuyu-gomori / mata yorisowa n / kono hashira (1688 ~ winter)
冬庭や月もいとなる虫の吟,fuyu niwa ya / tsuki mo ito naru / mushi no gin (1689 ~ winter)
冬の日や馬上に氷る影法師,fuyu no hi ya / bashō ni kōru / kagebōshi (Oi no kobumi) (1687 ~ winter)
冬知らぬ宿や籾摺る音霰,fuyu shira nu / yado ya momi suru / oto arare (1684 ~ summer)
元日は田毎の日こそ恋しけれ,ganjitsu wa / Tagoto no hi koso / koishi kere (1689 ~ New Year)
元日や思えばさびし秋の暮,ganjitsu ya / omoeba sabishi / aki no kure (1683 ~ New Year)
実にや月間口千金の通り町,geni ya tsuki / maguchi sen kin no / tōri chō (1678 ~ autumn)
御廟年経て忍は何を忍草,go byō toshi he te / shinobu wa nani o / shinobu-gusa (1684 ~ autumn)
ごを焚いて手拭あぶる寒さ哉,go o taite / tenugui aburu / samusa kana (1687 ~ winter)
愚案ずるに冥途もかくや秋の暮,gu anzuru ni / meido mo kaku ya / aki no kure (1680 ~ autumn)
愚に暗く茨を掴む蛍かな,gu ni kuraku / ibara o tsukamu / hotaru kana (1681 ~ summer)
裸にはまだ衣更着の嵐哉,hadaka ni wa / mada kisaragi no / arashi kana (Oi no kobumi) (1688 ~ spring)
破風口に日影や弱る夕涼み,hafuguchi ni / hikage ya yowaru / yū suzumi (1692 ~ summer)
萩原や一夜は宿せ山の犬,hagi hara ya / hito yo wa yadose / yama no inu (1687 ~ autumn) 
萩の露米つく宿の隣かな,hagi no tsuyu / kome tsuku yado no / tonari kana (1694 ~ autumn) 
這ひ出でよ飼屋が下の蟇の声,hai ideyo / kaiya ga shita no / hiki no koe (Oku no hosomichi) (1689 ~ summer)
八九間空で雨降る柳かな,hakku ken / sora de ame furu / yanagi kana (1694 ~ spring)
箱根越す人もあるらし今朝の雪,Hakone kosu / hito mo aru rashi / kesa no yuki (Oi no kobumi) (1687 ~ winter)
蛤のふたみに別れ行く秋ぞ,hama guri no / futami ni wakare / yuku aki zo (Oku no hosomichi) (1689 ~ autumn)
蛤の生けるかひあれ年の暮,hamaguri no / ikeru kai are / toshi no kure (1692-end of the year)
花あやめ一夜にかれし求馬哉,hana ayame / ichiya ni kare shi / Motome kana (1688 ~ summer)
花みな枯れてあはれをこぼす草の種,hana mina karete / aware o kobosu / kusa no tane (1686 ~ autumn)
花見にと指す船遅し柳原,hana mi ni to / sasu fune ososhi / Yanagihara (1694 ~ spring)
花木槿裸童のかざし哉,hana mukuge / hadaka warawa no / kazashi kana (1681 ~ summer)
花にあかぬ嘆きやこちの歌袋,hana ni akanu / nageki ya kochi no / utabukuro (1667 ~ spring)
花に遊ぶ虻な喰ひそ友雀,hana ni asobu / abu na kurai so / tomo suzume (1687 ~ spring)
花に酔へり羽織着て刀さす女,hana ni ee ri / haori ki te katana / sasu onna (Year unknown ~ spring)
花にいやよ世間口より風の口,hana ni iya yo / seken guchi yori / kaze no kuchi (Year unknown ~ spring)
花に寝ぬこれも類か鼠の巣,hana ni nenu / kore mo tagui ka / nezumi no su (1692 ~ summer)
花にうき世我が酒白く飯黒し,hana ni ukiyo / waga sake shiroku / meshi kuroshi (1683 ~ spring)
花にやどり瓢箪斎と自らいへり,hana ni yadori / Hyōtansai to / mizukara ieri (1680 ~ spring)
花の陰謡に似たる旅寝かな,hana no kage / utai ni nitaru / tabine kana (1688 ~ spring)
花の顔に晴うてしてや朧月,hana no kao ni / hareute shite ya / oboro-zuki (1667 ~ spring)
花の雲鐘は上野か浅草か,hana no kumo / kane wa Ueno ka / Asakusa ka (1687 ~ spring)
花を宿に始め終りや二十日ほど,hana o yado ni / hajime owari ya / hatsuka hodo (1688 ~ spring)
花咲きて七日鶴見る麓哉,hana saki te / nanuka tsuru miru / fumoto kana (1686 ~ spring)
花と実と一度に瓜の盛りかな,hana to mi to / ichi do ni uri no / sakari kana (1684-94 ~ mixed seasons)
花は賎の目にも見えけり鬼薊,hana wa shizu no / me ni mo miekeri / oni azami (1666 ~ summer)
花盛り山は日ごろの朝ぼらけ,hana-zakari / yama wa higoro no / asaborake (1688 ~ spring)
葉にそむく椿の花やよそ心,ha ni somuku / tsubaki no hana ya / yoso gokoro (1684-94 ~ winter)
半日は神を友にや年忘れ,han jitsu wa / kami o tomo ni ya / toshi wasure (1690 ~ New Year)
原中やものにもつかず啼く雲雀,haranaka ya / mono ni mo tsukazu / naku hibari (1687 ~ summer)
腫物に触る柳の撓哉,haremono ni / sawaru yanagi no / shinae kana (1694 ~ spring)
腫物に柳のさはるしなへ哉,haremono ni / yanagi no sawaru / shinae kana (1694 ~ spring)
張抜きの猫も知るなり今朝の秋,harinuki no / neko mo shiru nari / kesa no aki (Year unknown ~ autumn)
針立や肩に槌打つから衣,hari tate ya / kata ni tsuchi utsu / kara koromo (1675 ~ autumn)
春風に吹き出し笑ふ花もがな,haru kaze ni / fukidashi warau / hana mogana (1668 ~ spring)
春もやや気色ととのふ月と梅,haru mo yaya / keshiki totonou / tsuki to ume (1693 ~ spring)
春なれや名もなき山の薄霞,haru nare ya / na mo naki yama no / usu-gasumi (Nozarashi kikō) (1685 ~ spring)
春の夜は桜に明けてしまひけり,haru no yo wa / sakura ni akete / shimai keri (1684-94 ~ spring)
春の夜や籠り人ゆかし堂の隅,haru no yo ya / komorido yukashi / dō no sumi (Oi no kobumi) (1688 ~ spring)
春雨の木下につたふ清水哉,harusame no / koshita ni tsutau / shimizu kana (Oi no kobumi) (1688 ~ spring)
春雨や二葉に萌ゆる茄子種,harusame ya / futaba ni moyuru / nasubi dane (1690 ~ spring)
春雨や蜂の巣つたふ屋根の漏り,harusame ya / hachi no su tsutau / yane no mori (1694 ~ spring)
春雨や蓑吹きかへす川柳,harusame ya / mino fuki kaesu / kawa yanagi (1684-94 ~ spring)
春雨や蓬をのばす艸の道,harusame ya / yomogi o nobasu / kusa no michi (1694 ~ spring)
春立ちてまだ九日の野山哉,haru tachi te / mada kokonoka no / noyama kana (Oi no kobumi) (1688 ~ spring)
春立つとわらはも知るや飾り縄,haru tatsu to / warawa mo shiru ya / kazari nawa (1671 ~ spring)
春立つや新年ふるき米五升,haru tatsu ya / shin nen furuki / kome go shō (1684 ~ New Year)
春や来し年や行きけん小晦日,haru ya koshi / toshi ya yukiken / kotsugomori (1663 ~ spring)
橋桁の忍は月の名残りかな,hashigeta no / shinobu wa tsuki no / nagori kana (1691 ~ autumn)
蓮池や折らでそのまま玉祭,hasu ike ya / ora de sonomama / tamamatsuri (1688 ~ summer)
蓮の香を目にかよはすや面の鼻,hasu no ka o / me ni kayowasu ya / men no hana (1694 ~ summer)
畑打つ音やあらしの桜麻,hatake utsu / oto ya arashi no / sakura asa (1690 ~ spring)
鳩の声身に入みわたる岩戸哉,hato no koe / mi ni shimi wataru / iwato kana (1689 ~ summer)
初秋や畳みながらの蚊屋の夜着,hatsu aki ya / tatami nagara no / kaya no yogi (1691 ~ autumn)
初秋や海も青田の一みどり,hatsu aki ya / umi mo aota no / hitomidori (1688 ~ summer)
初花に命七十五年ほど,hatsu hana ni / inochi shichi jū / go nen hodo (1678 ~ spring)
初真桑四つにや断たん輪に切らん,hatsu makuwa / yotsu ni ya tata n / wa ni kira n (1689 ~ summer)
初午に狐の剃りし頭哉,hatsu muma ni / kitsune no sorishi / atama kana (1693 ~ spring)
初時雨初の字を我が時雨哉,hatsu shigure / hatsu no ji o waga / shigure kana (1684-94 ~ winter)
初時雨猿も小蓑を欲しげなり,hatsu shigure / saru mo ko mino o / hoshi ge nari (1689 ~ winter)
初霜や菊冷え初むる腰の綿,hatsu shimo ya / kiku hie somuru / koshi no wata (1692 ~ autumn)
初茸やまだ日数経ぬ秋の露,hatsutake ya / mada hikazu henu / aki no tsuyu (1693 ~ autumn)
初雪に兎の皮の髭作れ,hatsu yuki ni / usagi no kawa no / hige tsukure (1689 ~ winter)
初雪や聖小僧の笈の色,hatsu yuki ya / hijiri kozō no / oi no iro (1690 ~ winter)
初雪やいつ大仏の柱立,hatsu yuki ya / itsu daibutsu no / hashira date (1689 ~ winter)
初雪や懸けかかりたる橋の上,hatsu yuki ya / kake kakaritaru / hashi no ue (1693 ~ winter)
初雪や幸ひ庵にまかりある,hatsu yuki ya / saiwai an ni / makariaru (1686 ~ winter)
初雪や水仙の葉のたわむまで,hatsu yuki ya / suisen no ha no / tawamu made (1686 ~ winter)
初桜折しも今日はよき日なり,hatsu-zakura / orishimo kyō wa / yoki hi nari (1688 ~ spring)
早く咲け九日も近し菊の花,hayaku sake / Kunichi mo chikashi / kiku no hana (1689 ~ autumn)
蛇食ふと聞けばおそろし雉子の声,hebi kū to / kikeba osoroshi / kiji no koe (1690 ~ summer)
雲雀鳴く中の拍子や雉子の声,hibari naku / naka no hyōshi ya / kiji no koe (1689 ~ mixed seasons)
雲雀より空にやすらふ峠哉,hibari yori / sora ni yasurau / tōge kana (Oi no kobumi) (1688 ~ summer)
東西あはれさひとつ秋の風,higashi nishi / awaresa hitotsu / aki no kaze (1686 ~ autumn)
髭風ヲ吹いて暮秋嘆ズルハ誰ガ子ゾ,hige kaze o fuite / boshū tanzuru wa / ta ga ko zo (1682 ~ autumn)
ひごろ憎き烏も雪の朝哉,higoro nikuki / karasu mo yuki no / ashita kana (1690 ~ winter)
日にかかる雲やしばしの渡り鳥,hi ni kakaru / kumo ya shibashi no / watari dori (1684-94 ~ autumn)
日の道や葵傾く五月雨,hi no michi ya / aoi katamuku / satsuki ame (1690 ~ summer)
貧山の釜霜に鳴く声寒し,hinzan no / kama shimo ni naku / koe samushi (1682 ~ winter)
ひらひらと挙ぐる扇や雲の峰,hira hira to / aguru ōgi ya / kumo no mine (1694 ~ summer)
比良三上雪さしわたせ鷺の橋,Hira Mikami / yuki sashiwatase / sagi no hashi (1690 ~ winter)
ひれ振りてめじかも寄るや男鹿島,hire furi te / mejika mo yoru ya / Oga no shima (1683 ~ summer)
昼顔に昼寝せうもの床の山,hirugao ni / hirune shō mono / toko no yama (1688 ~ summer)
昼顔に米搗き涼むあはれなり,hirugao ni / kome tsuki suzumu / aware nari (1683 ~ summer)
鼓子花の短夜眠る昼間哉,hirugao no / mijika yo neburu / hiruma kana (1688 ~ summer)
人々をしぐれよ宿は寒くとも,hitobito o / shigureyo yado wa / samuku tomo (1689 ~ winter)
人声やこの道帰る秋の暮,hito goe ya / kono michi kaeru / aki no kure (1694 ~ autumn)
人ごとの口にあるなりしたもみじ,hito goto no / kuchi ni aru-nari / shita momiji (Year unknown ~ autumn)
一日一日麦あからみて啼く雲雀,hito hi hito hi / mugi akaramite / naku hibari (Saga nikki) (1691 ~ summer)
一声の江に横たふやほととぎす,hito koe no / e ni yokotau ya / hototogisu (1693 ~ spring)
人も見ぬ春や鏡の裏の梅,hito mo mi nu / haru ya kagami no / ura no ume (1691 ~ spring)
人に家を買はせて我は年忘れ,hito ni ie o / kawase te ware wa / toshi wasure (1690 ~ New Year)
一尾根はしぐるる雲か富士の雪,hito one wa / shigururu kumo ka / Fuji no yuki (1687 ~ winter)
独り尼藁屋すげなし白躑躅,hitori ama / wara ya sugenashi / shiro tsutsuji (1690 ~ spring)
一里はみな花守の子孫かや,hito sato wa / mina hanamori no / shison ka ya (1690 ~ spring)
一時雨礫や降って小石川,hito shigure / tsubute ya futte / Koishikawa (1677 ~ winter)
一とせに一度摘まるる薺かな,hito tose ni / ichido tsumaruru / nazuna kana (1694 ~ New Year)
一つ脱いで後に負ひぬ衣更,hitotsu nui de / ushiro ni oi nu / koromo gae (Oi no kobumi) (1688 ~ spring)
一家に遊女も寝たり萩と月,hitotsu ya ni / yūjo mo ne tari / hagi to tsuki (Oku no hosomichi) (1689 ~ autumn)
一露もこぼさぬ菊の氷かな,hito tsuyu mo / kobosanu kiku no / kōri kana (1693 ~ winter)
日は花に暮れてさびしやあすならう,hi wa hana ni / kurete sabishi ya / asunarō (Oi no kobumi) (1688 ~ spring)
ひやひやと壁をふまへて昼寝哉,hiya hiya to / kabe o fumaete / hiru ne kana (1694 ~ summer)
発句なり松尾桃青宿の春,hokku nari / Matsuo Tōsei / yado no haru (1677 ~ spring)
蓬莱に聞かばや伊勢の初便り,hōrai ni / kika baya Ise no / hatsu dayori (1694 ~ New Year)
ほろほろと山吹散るか滝の音,horo horo to / yamabuki chiru ka / taki no oto (Oi no kobumi) (1688 ~ spring)
星崎の闇を見よとや啼く千鳥,Hoshizaki no / yami o miyo to ya / naku chidori (Oi no kobumi) (1687 ~ winter)
螢火の昼は消えつつ柱かな,hotaru-bi no / hiru wa kie tsutsu / hashira kana (1689 ~ summer)
螢見や船頭酔うておぼつかな,hotaru mi ya / sendō youte / obotsukana (1690 ~ summer)
ほととぎす今は俳諧師なき世かな,hototogisu / ima wa haikaishi / naki yo kana (1683 ~ summer)
時鳥鰹を染めにけりけらし,hototogisu / katsuo o some ni / keri kerashi (1683 ~ summer)
ほととぎす消え行く方や島一つ,hototogisu / kie yuku kata ya / shima hitotsu (Oi no kobumi) (1688 ~ summer)
郭公声横たふや水の上,hototogisu / koe yokotau ya / mizu no ue (1693 ~ spring)
郭公招くか麦のむら尾花,hototogisu / maneku ka mugi no / mura obana (1681 ~ summer)
時鳥正月は梅の花咲けり,hototogisu / matsuki wa ume no / hana sake ri (1683 ~ summer)
ほととぎす鳴く鳴く飛ぶぞ忙はし,hototogisu / naku naku tobu zo / isogawashi (1687 ~ summer)
杜鵑鳴く音や古き硯箱,hototogisu / naku ne ya furuki / suzuri-bako (1692 ~ summer)
ほととぎす鳴くや五尺の菖草,hototogisu / naku ya go shaku no / ayamegusa (1692 ~ spring)
ほととぎす大竹薮を漏る月夜,hototogisu / ō takeyabu o / moru tsuki yo (Saga nikki) (1691 ~ summer)
ほととぎす裏見の滝の裏表,hototogisu / Urami no Taki no / ura omote (1689 ~ summer)
鬼灯は実も葉も殻も紅葉哉,hōzuki wa / mi mo ha mo kara mo / momiji kana (1684-94 ~ autumn)
百里来たりほどは雲井の下涼み,hyaku ri kitari / hodo wa kumoi no / shita suzumi (1676 ~ summer)
ひよろひよろとなほ露けしや女郎花,hyoro hyoro to / nao tsuyu keshi ya / ominaeshi (Sarashina kikō) (1688 ~ autumn)
市人よこの笠売らう雪の傘,ichi bito yo / kono kasa urō / yuki no kasa (Nozarashi kikō) (1684 ~ winter)
いでや我よき布着たり蝉衣,ide ya ware / yoki nuno ki tari / semi-goromo (1687 ~ summer)
家はみな杖に白髪の墓参り,ie wa mina / tsue ni shiraga no / haka mairi (1694 ~ autumn)
いかめしき音や霰の檜木笠,ikameshiki / oto ya arare no / hinoki-gasa (1684 ~ winter)
烏賊売の声まぎらはし杜宇,ika uri no / koe magirawashi / hototogisu (1684-94 ~ summer)
生きながら一つに氷る海鼠哉,iki nagara / hitotsu ni kōru / namako kana (1693 ~ winter)
幾霜に心ばせをの松飾り,iku shimo ni / kokoro base o no / matsu kazari (1686 ~ New Year)
芋洗ふ女西行ならば歌よまん,imo arau onna / Saigyō nara ba / uta yoman (Nozarashi kikō) (1684 ~ autumn)
芋の葉や月待つ里の焼畑,imo no ha ya / tsuki matsu sato no / yaki-batake (1687 ~ autumn)
芋植ゑて門は葎の若葉かな,imo uete / kado wa mugura no / wakaba kana (Oi no kobumi) (1688 ~ spring)
稻雀茶の木畠や逃げ処,ina suzume / cha no ki-batake ya / nige dokoro (1691 ~ summer)
稲妻に悟らぬ人の貴さよ,inazuma ni / satoranu hito no / tattosa yo (1690 ~ winter)
稲妻を手にとる闇の紙燭哉,inazuma o / te ni toru yami no / shisoku kana (1687 ~ summer)
稲妻や顔のところが薄の穂,inazuma ya / kao no tokoro ga / susuki no ho (1694 ~ summer)
稲妻や闇も方行く五位の声,inazuma ya / yami no kata yuku / goi no koe (1694 ~ summer)
稻こきの姥もめでたし菊の花,ine koki no / uba mo medetashi / kiku no hana (1691 ~ autumn)
命二つの中に生きたる桜哉,inochi futatsu no / naka ni ikitaru / sakura kana (Nozarashi kikō) (1685 ~ spring)
命こそ芋種よまた今日の月,inochi koso / imo dane yo mata / kyō no tsuki (1672 ~ autumn)
命なりわづかの笠の下涼み,inochi nari / wazuka no kasa no / shita suzumi (1676 ~ summer)
猪もともに吹かるる野分かな,inoshishi mo / tomo ni fukaruru / nowaki kana (1690 ~ summer)
猪の床にも入るやきりぎりす,inoshishi no / toko ni mo iru ya / kirigirisu (1694 ~ autumn)
いらご崎似るものもなし鷹の声,Iragozaki / niru mono mo nashi / taka no koe (1687 ~ winter)
入逢の鐘もきこえず春の暮,iriai no / kane mo kikoe zu / haru no kure (1689 ~ spring)
入りかかる日も糸遊の名残かな,iri kakaru / hi mo itoyū no / nagori kana (1689 ~ summer)
色付くや豆腐に落ちて薄紅葉,irozuku ya / tōfu ni ochite / usu momiji (1677 ~ autumn)
入る月の跡は机の四隅かな,iru tsuki no / ato wa tsukue no / yosumi kana (1693 ~ autumn)
漁り火に鰍や浪の下むせび,isaribi ni / kajika ya nami no / shita musebi (1689 ~ mixed seasons)
石枯れて水しぼめるや冬もなし,ishi kare te / mizu shibome ru ya / fuyu mo nashi (1678 ~ winter)
石の香や夏草赤く露暑し,ishi no ka ya / natsu kusa akaku / tsuyu atsushi (1689 ~ summer)
石山の石にたばしる霰かな,Ishiyama no / ishi ni tabashiru / arare kana (1690 ~ winter)
石山の石より白し秋の風,Ishiyama no / ishi yori shiroshi / aki no kaze (Oku no hosomichi) (1689 ~ autumn)
凍て解けて筆に汲み干す清水哉,ite toke te / fude ni kumihosu / shimizu kana (1688 ~ spring)
糸遊に結びつきたる煙哉,itoyū ni / musubi tsukitaru / kemuri kana (1689 ~ summer)
糸桜こや帰るさの足もつれ,ito-zakura / koya kaeru sa no / ashi motsure (1668 ~ spring)
五つ六つ茶の子にならぶ囲炉裏哉,itsutsu mutsu / cha no ko ni narabu / irori kana (1688 ~ winter)
岩躑躅染むる涙やほととぎ朱,iwa tsutsuji / somuru namida ya / hototogishu (1666 ~ summer)
いざ子供走りありかん玉霰,iza kodomo / hashiri arikan / tama arare (1689 ~ winter)
いざ子供昼顔咲かば瓜剥かん,iza kodomo / hirugao sakaba / uri mukan (1693 ~ summer)
いざさらば雪見にころぶ所まで,iza saraba / yuki mi ni korobu / tokoro made (1687 ~ winter)
いざともに穂麦喰はん草枕,iza tomo ni / ho mugi kurawa n / kusa makura (Nozarashi kikō) (1685 ~ summer)
いざよひもまだ更科の郡哉,izayoi mo / mada Sarashina no / kōri kana (Sarashina kikō) (1688 ~ autumn)
いざよひのいづれか今朝に残る菊,izayoi no / izure ka kesa ni / nokoru kiku (1688 ~ autumn)
十六夜はわづかに闇の初め哉,izayoi wa / wazukani yami no / hajime kana (1693 ~ autumn)
十六夜や海老煎るほどの宵の闇,izayoi ya / ebi niru hodo no / yoi no yami (1691 ~ autumn)
いざ行かむ雪見にころぶ所まで,iza yuka n / yuki mi ni korobu / tokoro made (Oi no kobumi) (1687 ~ winter)
いづく時雨傘を手に提げて帰る僧,izuku shigure / kasa o te ni sagete / kaeru sō (1681 ~ winter)
鎖明けて月さし入れよ浮御堂,jō akete / tsuki sashiireyo / ukimidō (1691 ~ autumn)
丈六にかげろふ高し石の上,jōroku ni / kagerō takashi / ishi no ue (Oi no kobumi) (1688 ~ mixed seasons)
歩行ならば杖突坂を落馬哉,kachi nara ba / Tsuetsuki-zaka o / rakuba kana (Oi no kobumi) (1687 ~ mixed seasons)
門松やおもへば一夜三十年,kadomatsu ya / omoe ba ichiya / sanjū-nen (1677 ~ New Year)
景清も花見の座には七兵衛,Kagekiyo mo / hanami no za ni wa / Shichibyōe (Year unknown ~ spring)
影待や菊の香のする豆腐串,kagemachi ya / kiku no ka no suru / tōfugushi (1693 ~ autumn)
かげろふの我が肩に立つ紙子かな,kagerō no / waga kata ni tatsu / kamiko kana (1689 ~ spring)
陽炎や柴胡の糸の薄曇り,kagerō ya / saiko no ito no / usu gumori (1690 ~ spring)
影は天の下照る姫か月の顔,kage wa ame no / shita teru hime ka / tsuki no kao (1666 ~ autumn)
桟や命をからむ蔦葛,kakehashi ya / inochi o karamu / tsuta kazura (Sarashina kikō) (1688 ~ autumn)
桟やまづ思ひ出づ馬迎へ,kakehashi ya / mazu omoi izu / uma mukae (Sarashina kikō) (1688 ~ autumn)
杜若語るも旅のひとつ哉,kakitsubata / kataru mo tabi no / hitotsu kana (Oi no kobumi) (1688 ~ summer)
杜若似たりや似たり水の影,kakitsubata / nitari ya nitari / mizu no kage (1666 ~ summer)
杜若われに発句の思ひあり,kakitsubata / ware ni hokku no / omoi ari (1685 ~ summer)
牡蠣よりは海苔をば老の売りもせで,kaki yori wa / nori o ba oi no / uri mo se de (1687 ~ spring)
隠れ家や目だたぬ花を軒の栗,kakurega ya / medatanu hana o / noki no kuri (1689 ~ summer)
隠れ家や月と菊とに田三反,kakurega ya / tsuki to kiku to ni / ta san tan (1689 ~ autumn)
かくれけり師走の海のかいつぶり,kakure keri / shiwasu no umi no / kaitsuburi (1691 ~ New Year)
隠さぬぞ宿は菜汁に唐辛子,kakusa nu zo / yado wa najiru ni / tōgarashi (1688 ~ summer)
鎌倉を生きて出でけん初鰹,Kamakura o / iki te ide ken / hatsu-gatsuo (1692 ~ summer)
瓶割るる夜の氷の寝覚め哉,kame waruru / yoru no kōri no / nezame kana (1686 ~ winter)
神垣や思ひもかけず涅槃像,kami gaki ya / omoi mo kake zu / nehan zō (Oi no kobumi) (1688 ~ spring)
紙衣の濡るとも折らん雨の花,kami ginu no / nuru tomo ora n / ame no hana (1688 ~ spring)
髪生えて容顔青し五月雨,kami haete / yōgan aoshi / satsuki ame (1687 ~ summer)
悲しまんや墨子芹焼を見ても猶,kanashima n ya / Bokushi seri yaki o / mi te mo nao (1680 ~ winter)
潅仏の日に生れあふ鹿の子哉,Kanbutsu no / hi ni umareau / kanoko kana (Oi no kobumi) (1688 ~ spring)
潅仏や皺手合する数珠の音,Kanbutsu ya / shiwade awasuru / juzu no oto (1694 ~ spring)
鐘消えて花の香は鐘く夕哉,kane kiete / hana no ka wa tsuku / yūbe kana (1688 ~ spring)
鐘撞かぬ里は何をか春の暮,kane tsuka nu / sato wa nani o ka / haru no kure (1689 ~ spring)
寒菊や醴造る窓の前,kangiku ya / amazake tsukuru / mado no saki (1693 ~ winter)
寒菊や粉糠のかかる臼の端,kangiku ya / ko nuka no kakaru / usu no hata (1693 ~ winter)
香に匂へうに掘る岡の梅の花,ka ni nioe / uni horu oka no / ume no hana (1688 ~ spring)
観音のいらか見やりつ花の雲,Kannon no / iraka miyari tsu / hana no kumo (1686 ~ spring)
顔に似ぬ発句も出でよ初桜,kao ni ninu / hokku mo ideyo / hatsu-zakura (1694 ~ a spring verse written in autumn)
香を残す蘭帳蘭のやどり哉,ka o nokosu / ranchō ran no / yadori kana (1684-94 ~ spring)
香を探る梅に蔵見る軒端哉,ka o saguru / ume ni kura miru / noki ba kana (Oi no kobumi) (1687 ~ spring)
甲比丹もつくばはせけり君が春,kapitan mo / tsukubawase keri / kimi ga haru (1678 ~ spring)
唐破風の入日や薄き夕涼み,kara hafu no / iri hi ya usuki / yū suzumi (1692 ~ summer)
傘に押し分けみたる柳かな,karakasa ni / oshi wake mitaru / yanagi kana (1694 ~ spring)
辛崎の松は花より朧にて,Karasaki no / matsu wa hana yori / oboro nite (Nozarashi kikō) (1685 ~ spring)
乾鮭も空也の痩も寒の中,karazake mo / Kūya no yase mo / kan no uchi (1690 ~ winter)
枯朶に烏のとまりけり秋の暮,kareeda ni / karasu no tomari keri / aki no kure (1680 ~ autumn)
枯芝やややかげろふの一二寸,kare shiba ya / yaya kagerō no / ichi ni sun (Oi no kobumi) (1688 ~ summer)
刈り跡や早稲かたがたの鴫の声,kari ato ya / wase kata kata no / shigi no koe (1688 ~ autumn)
刈りかけし田面の鶴や里の秋,kari kakeshi / tazura no tsuru ya / sato no aki (1687 ~ autumn)
雁聞きに京の秋に赴かん,kari kiki ni / miyako no aki ni / omomuka n (1690 ~ autumn)
鳫さわぐ鳥羽の田面や寒の雨,kari sawagu / Toba no tazura ya / kan no ame (1691 ~ winter)
借りて寝ん案山子の袖や夜半の霜,karite ne n / kakashi no sode ya / yowa no shimo (1684-94 ~ autumn)
笠寺や漏らぬ岩屋も春の雨,Kasa-dera ya / mora nu iwaya mo / haru no ame (1687 ~ spring)
笠もなきわれを時雨るるかこは何と,kasa mo naki / ware o shigururu ka / ko wa nanto (1685 ~ winter)
笠島はいづこ五月のぬかり道,Kasashima wa / izuko satsuki no / nukari michi (Oku no hosomichi) (1689 ~ summer)
樫の木の花にかまはぬ姿かな,kashi no ki no / hana ni kamawanu / sugata kana (1685 ~ spring)
語られぬ湯殿にぬらす袂かな,katara re nu / yudono ni nurasu / tamoto kana (Oku no hosomichi) (1689 ~ mixed seasons)
かたつぶり角振り分けよ須磨明石,katatsuburi / tsuno furi wakeyo / Suma Akashi (1688 ~ summer)
鰹売りいかなる人を酔はすらん,katsuo uri / ikanaru hito o / yowa su ran (1687 ~ summer)
桂男すまずなりけり雨の月,katsura otoko / suma zu nari keri / ame no tsuki (1669 ~ autumn)
川上とこの川下や月の友,kawa kami to / kono kawa shimo ya / tsuki no tomo (1692 ~ autumn)
川風や薄柿着たる夕涼み,kawa kaze ya / usu-gaki ki taru / yū suzumi (1690 ~ summer)
獺の祭見て来よ瀬田の奥,kawauso no / matsuri mite koyo / Seta no oku (1690 ~ winter)
風色やしどろに植ゑし庭の秋,kazairo ya / shidoro ni ue shi / niwa no aki (1694 ~ autumn)
風色やしどろに植ゑし庭の萩,kazairo ya / shidoro ni ue shi / niwa no hagi (1694 ~ autumn)
風色やしどろに植ゑし庭の荻,kazairo ya / shidoro ni ue shi / niwa no ogi (1694 ~ autumn)
風吹けば尾細うなるや犬桜,kaze fuke ba / obosō naru ya / inu-zakura (1668 ~ spring)
風薫る羽織は襟もつくろはず,kaze kaoru / haori wa eri mo / tsukurowa zu (1691 ~ summer)
風の香も南に近し最上川,kaze no ka mo / minami ni chikashi / Mogami-gawa (1689 ~ summer)
数へ来ぬ屋敷屋敷の梅柳,kazoe ki nu / yashiki yashiki no / ume yanagi (1692 ~ spring)
数ならぬ身とな思ひそ玉祭,kazu nara nu / mi to na omoi so / Tama Matsuri (1694 ~ autumn)
被き伏す蒲団や寒き夜やすごき,kazuki fusu / futon ya samuki / yo ya sugoki (1688 ~ winter)
けごろもにつつみて温し鴨の足,kegoromo ni / tsutsumite nukushi / kamo no ashi (1693 ~ winter)
鶏頭や雁の来る時なほあかし,keitō ya / kari no kuru toki / nao akashi (1694 ~ autumn)
今朝の雪根深を園の枝折哉,kesa no yuki / nebuka o sono no / shiori kana (1679 ~ winter)
消炭に薪割る音かをのの奥,keshi-zumi ni / maki waru oto ka / Ono no oku (1680 ~ autumn)
菊鶏頭切り尽しけり御命講,kiku keitō / kiri tsukushi keri / Omeikō (1688 ~ autumn)
菊に出て奈良と難波は宵月夜,kiku ni dete / Nara to Naniwa wa / yoi zukiyo (1694 ~ autumn)
菊の花咲くや石屋の石の間,kiku no hana / saku ya ishiya no / ishi no ai (1693 ~ autumn)
菊の香にくらがり登る節句かな,kiku no ka ni / Kuragari noboru / Sekku kana (1694 ~ autumn)
菊の香や奈良には古き仏達,kiku no ka ya / Nara ni wa furuki / hotoke tachi (1694 ~ autumn)
菊の香や奈良は幾代の男ぶり,kiku no ka ya / Nara wa iku yo no / otoko buri (1694 ~ autumn)
菊の香や庭に切れたる履の底,kiku no ka ya / niwa ni kiretaru / kutsu no soko (1693 ~ winter)
菊の後大根の外更になし,kiku no nochi / daikon no hoka / sara ni nashi (1684-94 ~ autumn)
菊の露落ちて拾へば零余子かな,kiku no tsuyu / ochite hiroe ba / nukago kana (1684-94 ~ autumn)
君火を焚けよきもの見せん雪まるげ,kimi hi o take / yokimono misen / yukimaruge (1686 ~ winter)
君や蝶我や荘子が夢心,kimi ya chō / ware ya Sōji ga / yume-gokoro (1690 ~ spring)
金屏の松の古さよ冬籠り,kinbyō no / matsu no furusa yo / fuyu-gomori (1693 ~ winter)
木のもとに汁も膾も桜かな,ki no moto ni / shiru mo namasu mo / sakura kana (1690 ~ spring)
碪打ちて我に聞かせよや坊が妻,kinuta uchite / ware ni kikaseyo / bō ga tsuma (Nozarashi kikō) (1684 ~ autumn)
木を切りて本口見るや今日の月,ki o kirite / motokuchi miru ya / kyō no tsuki (1677 ~ autumn)
きりぎりす忘れ音に啼く炬燵かな,kirigirisu / wasure ne ni naku / kotatsu kana (1690 ~ autumn)
桐の木に鶉鳴くなる塀の内,kiri no ki ni / uzura nakunaru / hei no uchi (1690 ~ autumn)
霧雨の空を芙蓉の天気哉,kiri same no / sora o fuyō no / tenki kana (1692 ~ summer)
霧時雨富士を見ぬ日ぞ面白き,kiri shigure / Fuji o minu hi zo / omoshiroki (Nozarashi kikō) (1684 ~ autumn)
象潟の雨や西施が合歓の花,Kisagata no / ame ya Seishi ga / nebu no hana (1689 ~ summer)
象潟や雨に西施が合歓の花,Kisagata ya / ame ni Seishi ga / nebu no hana (Oku no hosomichi) (1689 ~ summer)
木曾の情雪や生えぬく春の草,Kiso no jō / yuki ya hae nuku / haru no kusa (1691 ~ mixed seasons)
木曾の橡浮世の人の土産哉,Kiso no tochi / ukiyo no hito no / miyage kana (Sarashina kikō) (1688 ~ autumn)
木曾の痩もまだなほらぬに後の月,Kiso no yase mo / mada naoranu ni / nochi no tsuki (1688 ~ autumn)
きてもみよ甚兵が羽織花衣,kite mo miyo / jinbe ga haori / hana goromo (1671 ~ spring)
木啄も庵は破らず夏木立,kitsutsuki mo / io wa yabura zu / natsu kodachi (Oku no hosomichi) (1689 ~ summer)
清く聞かん耳に香焼いて郭公,kiyoku kika n / mimi ni kō taite / hototogisu (1683 ~ summer)
清滝の水汲ませてやところてん,kiyotaki no / mizu kuma se te ya / tokoroten (1694 ~ summer)
清滝や波に散り込む青松葉,kiyotaki ya / nami ni chiri komu / ao matsuba (1694 ~ autumn)
清滝や波に塵なき夏の月,kiyotaki ya / nami ni chiri naki / natsu no tsuki (1694 ~ summer)
紅梅や見ぬ恋作る玉簾,kōbai ya / mi nu koi tsukuru / tamasudare (1684-94 ~ spring)
こちら向け我もさびしき秋の暮,kochira muke / ware mo sabishiki / aki no kure (1690 ~ autumn)
胡蝶にもならで秋経る菜虫哉,kochō ni mo / nara de aki furu / namushi kana (1689 ~ mixed seasons)
小鯛挿す柳涼しや海士が家,kodai sasu / yanagi suzushi ya / ama ga tsuma (1689 ~ summer)
子供等よ昼顔咲きぬ瓜剥かん,kodomora yo / hirugao sakinu / uri mukan (1693 ~ summer) 
声にみな泣きしまふてや蝉の穀,koe ni mina / naki-shimōte ya / semi no kara (apocriphal ~ summer) 
声澄みて北斗にひびく碪哉,koe sumite / hokuto ni hibiku / kinuta kana (1687 ~ autumn)
声よくば謡はうものを桜散る,koe yokuba / utaō mono o / sakura chiru (1688 ~ spring)
木隠れて茶摘みも聞くやほととぎす,kogakure te / chatsumi mo kiku ya / hototogisu (1694 ~ summer)
木枯しに岩吹きとがる杉間かな,kogarashi ni / iwa fuki togaru / sugi ma kana (1691 ~ winter)
凩に匂ひやつけし返り花,kogarashi ni / nioi ya tsukeshi / kaeri-bana (1691 ~ autumn)
こがらしや頬腫痛む人の顔,kogarashi ya / hōbare itamu / hito no kao (1690 ~ autumn)
木枯や竹に隠れてしづまりぬ,kogarashi ya / take ni kakurete / shizumari nu (1684-94 ~ winter)
小萩散れますほの小貝小盃,ko hagi chire / Masuho no ko-gai / ko sakazuki (1689 ~ autumn)
古法眼出どころあはれ年の暮,Kohōgen / de dokoro aware / toshi no kure (1684-94 ~ New Year)
苔埋む蔦のうつつの念仏哉,koke uzumu / tsuta no utsutsu no / nebutsu kana (1684 ~ autumn)
九たび起きても月の七ツ哉,kokono tabi / okite mo tsuki no / nanatsu kana (1691 ~ autumn)
米買ひに雪の袋や投頭巾,kome kai ni / yuki no fukuro ya / nage zukin (1688 ~ winter)
米のなき時は瓢に女郎花,kome no naki / toki wa hisago ni / ominaeshi (Year unknown ~ autumn)
薦を着て誰人います花の春,komo o kite / tarebito imasu / hana no haru (1690 ~ New Year)
籠り居て木の実草の実拾はばや,komori ite / ki no mi kusa no mi / hirowa baya (1689 ~ autumn)
蝙蝠も出でよ浮世の華に鳥,kōmori mo / ideyo ukiyo no / hana ni tori (1684-94 ~ spring)
子に飽くと申す人には花もなし,ko ni aku to / mōsu hito ni wa / hana mo nashi (1684-94 ~ spring)
蒟蒻に今日は売り勝つ若菜哉,konnyaku ni / kyō wa urikatsu / wakana kana (1693 ~ spring)
蒻の刺身もすこし梅の花,konnyaku no / sashimi mo sukoshi / ume no hana (1693 ~ spring)
この秋は何で年寄る雲に鳥,kono aki wa / nande toshi yoru / kumo ni tori (1694 ~ autumn)
このあたり目に見ゆるものは皆涼し,kono atari / me ni miyuru mono wa / mina suzushi (1688 ~ summer)
木の葉散る桜は軽し檜木笠,ko no ha chiru / sakura wa karoshi / hinoki-gasa (1684 ~ autumn)
このほどを花に礼いふ別れ哉,kono hodo o / hana ni rei iu / wakare kana (1688 ~ spring)
この蛍田毎の月にくらべみん,kono hotaru / Tagoto no Tsuki ni / kurabe mi n (1688 ~ summer)
この心推せよ花に五器一具,kono kokoro / suiseyo hana ni / goki ichigu (1692 ~ spring)
この松の実生えせし代や神の秋,kono matsu no / mibae seshi yo ya / kami no aki (1687 ~ autumn)
この道や行く人なしに秋の暮,kono michi ya / yuku hito nashi ni / aki no kure (1694 ~ autumn)
鸛の巣も見らるる花の葉越し哉,kō no su mo / mi raruru hana no / hagoshi kana (1687 ~ spring)
鸛の巣に嵐の外の桜哉,kō no su ni / arashi no hoka no / sakura kana (1687 ~ spring)
この種と思ひこなさじ唐辛子,kono tane to / omoi konasaji / tōgarashi (1690 ~ spring)
この寺は庭一盃のばせを哉,kono tera wa / niwa ippai no / bashō kana (1684-94 ~ summer)
この槌のむかし椿か梅の木か,kono tsuchi no / mukashi tsubaki ka / ume no ki ka (1684-94 ~ mixed seasons)
この梅に牛も初音と鳴きつベし,kono ume ni / ushi mo hatsune to / naki tsu beshi (1676 ~ spring)
この海に草鞋捨てん笠時雨,kono umi ni / waranji sute n / kasa shigure (1684 ~ winter)
この宿は水鶏も知らぬ扉かな,kono yado wa / kuina mo shira nu / toboso kana (1684-94 ~ summer)
この山の悲しさ告げよ野老掘り,kono yama no / kanashisa tsuge yo / tokorohori (Oi no kobumi) (1688 ~ mixed seasons)
これや世の煤に染まらぬ古合子,kore ya yo no / susu ni somara nu / furu gōshi (1689 ~ winter)
氷苦く偃鼠が咽をうるほせり,kōri nigaku / enso ga nodo o / uruoseri (1683 ~ winter)
衣着て小貝拾はん種の月,koromo kite / ko-gai hirowa n / iro no tsuki (1689 ~ mixed seasons)
琴箱や古物店の背戸の菊,koto-bako ya / furumono dana no / sedo no kiku (1693 ~ autumn)
今宵の月磨ぎ出せ人見出雲守,koyoi no tsuki / togi dase hitomi / Izumo no Kami (1677 ~ autumn)
今宵誰吉野の月も十六里,koyoi tare / Yoshino no tsuki mo / jūroku ri (1694 ~ autumn)
梢よりあだに落ちけり蝉の殻,kozue yori / adani ochi keri / semi no kara (1677 ~ summer)
口切に堺の庭ぞなつかしき,kuchi kiri ni / Sakai no niwa zo / natsukashiki (1692 ~ winter)
水鶏啼くと人のいへばや佐屋泊り,kuina naku to / hito no ie ba ya / Saya domari (1694 ~ summer)
熊坂がゆかりやいつの玉祭,Kumasaka ga / yukari ya itsu no / Tama Matsuri (1689 ~ summer)
雲霧の暫時百景を尽くしけり,kumo kiri no / zanji hyakkei o / tsukushi keri (1684 ~ autumn)
蜘何と音をなにと鳴く秋の風,kumo nani to / ne o nani to naku / aki no kaze (1680 ~ autumn)
雲の峰幾つ崩れて月の山,kumo no mine / ikutsu kuzurete / tsuki no yama (Oku no hosomichi) (1689 ~ summer)
雲を根に富士は杉形の茂りかな,kumo o ne ni / Fuji wa suginari no / shigeri kana (1676 ~ mixed seasons)
雲をりをり人をやすめる月見かな,kumo ori ori / hito o yasumeru / tsukimi kana (1685 ~ autumn)
雲とへだつ友かや雁の生き別れ,kumo to hedatsu / tomo ka ya kari no / ikiwakare. (1672 ~ autumn)
国々の八景さらに気比の月,kuni-guni no / hakkei sara ni / Kehi no tsuki (1689 ~ autumn)
鞍壺に小坊主乗るや大根引,kuratsubo ni / ko bōzu noru ya / daikon hiki (1693 ~ winter)
暮れ暮れて餅を木魂の侘寝哉,kure kure te / mochi o kodama no / wabi ne kana (1682 ~ New Year)
黒森をなにというとも今朝の雪,kuromori o / nani to iu tomo / kesa no yuki (1683 ~ winter)
草いろいろおのおの花の手柄かな,kusa iroiro / ono ono hana no / tegara kana (1688 ~ summer)
草枕犬も時雨るか夜の声,kusa makura / inu mo shigururu ka / yoru no koe (Nozarashi kikō) (1685 ~ winter)
草枕まことの華見しても来よ,kusa makura / makoto no hanami / shite mo koyo (1690 ~ spring)
草の葉を落つるより飛ぶ蛍哉,kusa no ha o / otsuru yori tobu / hotaru kana (1688 ~ summer)
草の戸も住み替る代ぞ雛の家,kusa no to mo / sumi kawaru yo zo / hina no ie (Oku no hosomichi) (1689 ~ spring)
草の戸を知れや穂蓼に唐辛子,kusa no to o / shire ya hotade ni / tōgarashi (1690 ~ autumn)
草の戸や日暮れてくれし菊の酒,kusa no to ya / hi gurete kureshi / kiku no sake (1691 ~ autumn)
薬飲むさらでも霜の枕かな,kusuri nomu / sarademo shimo no / makura kana (1687 ~ winter)
草臥れて宿借るころや藤の花,kutabirete / yado karu koro ya / fuji no hana (Oi no kobumi) (1688 ~ spring)
椹や花なき蝶の世捨酒,kuwa no mi ya / hana naki chō no / yosute-zake (1683 ~ summer)
葛の葉の面見せけり今朝の霜,kuzu no ha no / omote misekeri / kesa no shimo (1691 ~ winter)
今日ばかり人も年寄れ初時雨,kyō bakari / hito mo toshi yore / hatsu shigure (1692 ~ winter)
狂句木枯の身は竹斎に似たる哉,kyōku kogarashi no / mi wa Chikusai ni / nitaru kana (Nozarashi kikō) (1684 ~ winter)
京まではまだ半空や雪の雲,Kyō made wa / mada naka-zora ya / yuki no kumo (Oi no kobumi) (1687 ~ winter)
京に飽きてこの木枯や冬住ひ,Kyō ni akite / kono kogarashi ya / fuyuzumai (1691 ~ winter)
京にても京なつかしやほととぎす,Kyō nite mo / Kyō natsukashi ya / hototogisu (1690 ~ summer)
けふの今宵寝る時もなき月見かな,kyō no koyoi / neru toki mo naki / tsuki mi kana (Year unknown ~ autumn)
京は九万九千くんじゅの花見かな,Kyō wa kuman / kusen kunju no / hanami kana (1666 ~ New Year)
今日よりや書付消さん笠の露,kyō yori ya / kakitsuke kesa n / kasa no tsuyu (Oku no hosomichi) (1689 ~ autumn)
町医師や屋敷方より駒迎へ,machi ishi ya / yashiki gata yori / koma mukae (1675 ~ mixed seasons)
窓形に昼寝の台や簟,madonari ni / hirune no dai ya / take mushiro (1693 ~ summer)
前髪もまだ若艸の匂ひかな,maegami mo / mada wakakusa no / nioi kana (1684-94 ~ spring)
真福田が袴よそふかつくづくし,Mafukuda ga / hakama yosou ka / tsukuzukushi (1686 ~ spring)
秣負ふ人を枝折の夏野哉,magusa ou / hito o shiori no / natsu no kana (1689 ~ summer)
升買うて分別替る月見哉,masu kōte / funbetsu kawaru / tsukimi kana (1694 ~ autumn)
待たぬのに菜売りに来たか時鳥,mata nu noni / na uri ni kita ka / hototogisu (1677 ~ summer)
又やたぐひ長良の川の鮎膾,mata ya tagui / Nagara no kawa no / ayu namasu (1688 ~ summer)
またうどな犬ふみつけて猫の恋,matōdo na / inu fumitsukete / neko no koi (1684-94 ~ spring)
松茸やかぶれたほどは松の形,matsudake ya / kabureta hodo wa / matsu no nari (1684-94 ~ autumn)
松茸や知らぬ木の葉のへばり付く,matsudake ya / shiranu ko no ha no / hebaritsuku (1691 ~ autumn)
待つ花や藤三朗が吉野山,matsu hana ya / Tōzaburō ga / Yoshinoyama (1678 ~ winter)
松風の落葉か風の音涼し,matsu kaze no / ochiba ka mizu no / oto suzushi (1684-94 ~ summer)
松風や軒をめぐつて秋暮れぬ,matsu kaze ya / noki o megutte / aki kurenu (1694 ~ autumn)
松なれや霧えいさらえいと引くほどに,matsu nare ya / kiri ei sara ei to / hiku hodo ni (Year unknown ~ winter)
松嶋やああ松嶋や松嶋や,Matsushima ya / aa Matsushima ya / Matsushima ya (apocriphal ~ non-seasonal; attributed to Tawarabo)
松杉をほめてや風のかをる音,matsu sugi o / homete ya kaze no / kaoru oto (1691 ~ summer)
眉掃きを俤にして紅粉の花,mayuhaki o / omokage ni shite / beni no hana (Oku no hosomichi) (1689 ~ summer)
まづ祝へ梅を心の冬籠り,mazu iwae / ume o kokoro no / fuyu-gomori (1687 ~ winter)
まず知るや宜竹が竹に花の雪,mazu shiru ya / Gichiku ga take ni / hana no yuki (1677 ~ winter)
まづ頼む椎の木もあり夏木立,mazu tanomu / shii no ki mo ari / natsu kodachi (1690 ~ summer)
目出度き人の数にも入らん老の暮,medetaki hito no / kazu ni mo ira n / oi no kure (1686 ~ New Year)
名月に麓の霧や田の曇り,meigetsu ni / fumoto no kiri ya / ta no kumori (1694 ~ autumn)
名月の花かと見えて綿畠,meigetsu no / hana ka to miete / wata-batake (1694 ~ autumn)
名月の出づるや五十一ヶ条,meigetsu no / izuru ya goyū / ichi kajō (1688 ~ autumn)
名月の見所問はん旅寝せん,meigetsu no / midokoro towa n / tabine se n (1689 ~ autumn)
名月はふたつ過ぎても瀬田の月,meigetsu wa / futatsu sugite mo / Seta no tsuki (1691 ~ autumn)
名月や児立ち並ぶ堂の縁,meigetsu ya / chigo tachi narabu / dō no en (1690 ~ autumn)
名月や北国日和定めなき,meigetsu ya / hokkoku biyori / sadame naki (Oku no hosomichi) (1689 ~ autumn)
名月や池をめぐりて夜もすがら,meigetsu ya / ike o megurite / yomosugara (1686 ~ autumn)
名月や門に指し来る潮頭,meigetsu ya / mon ni sashikuru / shio gashira (1692 ~ autumn)
名月や海に向へば七小町,meigetsu ya / umi ni mukaeba / nana Komachi (1690 ~ autumn)
目にかかる時やことさら五月富士,me ni kakaru / toki ya kotosara / satsuki Fuji (1694 ~ summer)
目に残る吉野を瀬田の蛍哉,me ni nokoru / Yoshino o Seta no / hotaru kana (1688 ~ summer)
目の星や花を願ひの糸桜,me no hoshi ya / hana o negai no / ito-zakura (Year unknown ~ autumn)
女夫鹿や毛に毛が揃うて毛むつかし,meoto jika ya / ke ni ke ga soroute / ke mutsukashi (1671 ~ autumn)
飯あふぐ嚊が馳走や夕涼み,meshi augu / kaka ga chisō ya / yū suzumi (1694 ~ summer)
めづらしや山を出羽の初茄子,mezurashi ya / yama o ideha no / hatsu nasubi (1689 ~ summer)
道ほそし相撲取り草の花の露,michi hososhi / sumōtori-gusa no / hana no tsuyu (1694 ~ summer)
道の辺の木槿は馬に喰われけり,michi no be no / mukuge wa uma ni / kuware keri (Nozarashi kikō) (1684 ~ summer)
見所のあれや野分の後の菊,midokoro no / are ya nowaki no / nochi no kiku (Year unknown ~ autumn)
三井寺の門敲かばや今日の月,Mii dera no / mon tatakabaya / kyō no tsuki (1691 ~ autumn)
三日月に地は朧なり蕎麦の花,mikazuki ni / chi wa oboro nari / soba no hana (1692 ~ summer)
三ヶ月や朝顔の夕べ蕾むらん,mikazuki ya / asagao no yūbe / tsubomu ran (1682 ~ summer)
皆出でて橋を戴く霜路哉,mina idete / hashi o itadaku / shimoji kana (1693 ~ winter)
皆拝め二見の七五三を年の暮,mina ogame / Futami no shime o / toshi no kure (1688 ~ New Year)
水無月は腹病やみの暑さかな,minazuki wa / fukubyō yami no / atsusa kana (1691 ~ summer)
水無月や鯛はあれども塩鯨,minazuki ya / tai wa are domo / shio kujira (1691 ~ summer)
身にしみて大根からし秋の風,mi ni shimite / daikon karashi / aki no kaze (Sarashina kikō) (1688 ~ autumn)
蓑虫の音を聞きに来よ草の庵,minomushi no / ne o kiki ni koyo / kusa no io (1687 ~ autumn)
見送りのうしろや寂し秋の風,miokuri no / ushiro ya sabishi / aki no kaze (1688 ~ autumn)
見る影やまだ片なりも宵月夜,miru kage ya / mada katanari mo / yoi zukiyo (Year unknown ~ autumn)
見るに我も折れるばかりぞ女郎花,miru ni ga mo / oreru bakari zo / ominaeshi (Year unknown ~ autumn)
見しやその七日は墓の三日の月,mishi ya sono / nanuka wa haka no / mika no tsuki (1693 ~ autumn)
晦日月なし千歳の杉を抱く嵐,misoka tsuki nashi / chitose no sugi o / daku arashi (Nozarashi kikō) (1684 ~ autumn)
見渡せば詠むれば見れば須磨の秋,miwatase ba / nagamure ba mire ba / Suma no aki (1679 ~ autumn)
都出でて神も旅寝の日数哉,miyako ide te / kami mo tabine no / hikazu kana (1691 ~ autumn)
宮森よわが名を散らせ木葉川,miyamori yo / waga na o chirase / konoha-gawa (1684 ~ autumn)
水向けて跡訪ひたまへ道明寺,mizu muke te / ato toi tamae dōmyōji (1678 ~ summer)
水の奥氷室尋ねる柳かな,mizu no oku / himuro tazunuru / yanagi kana (1689 ~ summer)
水寒く寝入りかねたる鴎かな,mizu samuku / neiri kane taru / kamome kana (1686 ~ winter)
水取りや氷の僧の沓の音,mizu tori ya / kōri no sō no / kutsu no oto (Nozarashi kikō) (1685 ~ winter)
湖や暑さを惜しむ雲の峰,mizuumi ya / atsusa o oshimu / kumo no mine (1694 ~ summer)
餅花やかざしに挿せる嫁が君,mochi-bana ya / kazashi ni sase ru / yome ga kimi (1681 ~ New Year)
餅を夢に折り結ぶ歯朶の草枕,mochi o yume ni / ori musubu shida no / kusa makura (1681 ~ New Year)
餅雪を白糸となす柳哉,mochi yuki o / shira ito to nasu / yanagi kana (1667 ~ winter)
桃の木のその葉散らすな秋の風,momo no ki no / sono ha chirasu na / aki no kaze (1689 ~ autumn)
百歳の気色を庭の落葉哉,momo tose no / keshiki o niwa no / ochiba kana (1691 ~ autumn)
藻にすだく白魚やとらば消えぬべき,mo ni sudaku / shirauo ya tora ba / kie nu beki (1681 ~ winter)
門に入れば蘇鉄に蘭のにほひ哉,mon ni ire ba / sotetsu ni ran no / nioi kana (1689 ~ mixed seasons)
ものひとつ我が世は軽き瓢哉,mono hitotsu / waga yo wa karoki / hisago kana (1686 ~ autumn)
物ほしや袋のうちの月と花,monohoshi ya / fukuro no uchi no / tsuki to hana (1684-94 ~ winter)
物いへば唇寒し秋の風,mono ie ba / kuchibiru samushi / aki no kaze (1684-94 ~ autumn)
物書いて扇子へぎ分くる別れ哉,mono kaite / ōgi hegi wakuru / wakare kana (1689 ~ autumn)
物書いて扇引き裂く余波哉,mono kaite / ōgi hikisaku / nagori kana (Oku no hosomichi) (1689 ~ autumn)
もののふの大根苦き話哉,mononofu no / daikon nigaki / hanashi kana (1693 ~ winter)
物の名をまづ問ふ蘆の若葉哉,mono no na o / mazu tou ashi no / wakaba kana (Oi no kobumi) (1688 ~ spring)
物好きや匂はぬ草にとまる蝶,monozuki ya / niowa nu kusa ni / tomaru chō (1684-87 ~ spring)
もろき人にたとへん花も夏野哉,moroki hito ni / tatoe n hana mo / natsu no kana (1688 ~ summer)
麦生えてよき隠れ家や畑村,mugi haete / yoki kakurega ya / Hatake Mura (1687 ~ summer verse written in winter)
麦飯にやつるる恋か猫の妻,mugi meshi ni / yatsururu koi ka / neko no tsuma (1691 ~ spring)
麦の穂を力につかむ別れ哉,mugi no ho o / chikara ni tsukamu / wakare kana (1694 ~ summer)
麦の穂を便りにつかむ別れかな,mugi no ho o / tayori ni tsukamu / wakare kana (1694 ~ summer)
葎さへ若葉はやさし破れ家,mugura sae / wakaba wa yasashi / yabure ie (1689 ~ spring)
昔聞け秩父殿さへすまふとり,mukashi kike / Chichibu-dono sae / sumōtori (1684-94 ~ mixed seasons)
武蔵野の月の若生えや松島種,Musashino no / tsuki no waka bae ya / Matsushima-dane (Year unknown ~ spring)
武蔵野や一寸ほどな鹿の声,Musashino ya / issun hodo na / shika no koe (1675 ~ spring)
武蔵野やさはるものなき君が笠,Musashino ya / sawaru mono naki / kimi ga kasa (1684-94 ~ autumn)
結ぶより早歯にひびく泉かな,musubu yori / haya ha ni hibiku / izumi kana (1688 ~ summer)
むざんやな甲の下のきりぎりす,muzan ya na / kabuto no shita no / kirigirisu (Oku no hosomichi) (1689 ~ autumn)
菜畠に花見顔なる雀哉,na-batake ni / hanami-gao naru / suzume kana (Nozarashi kikō) (1685 ~ spring)
撫子にかかる涙や楠の露,nadeshiko ni / kakaru namida ya / kusu no tsuyu (1684-94 ~ summer)
撫子の暑さ忘るる野菊かな,nadeshiko no / atsusa wasururu / no-giku kana (1692 ~ mixed seasons)
永き日も囀り足らぬひばり哉,nagaki hi mo / saezuri taranu / hibari kana (1687 ~ summer)
詠むるや江戸には稀な山の月,nagamuru ya / Edo ni wa marena / yama no tsuki (1676 ~ autumn)
なかなかに心をかしき臘月かな,naka naka ni / kokoro okashiki / siwasu kana (1692 ~ winter)
中山や越路も月はまた命,Nakayama ya / Koshi ji mo tsuki wa / mata inochi (1689 ~ autumn)
無き人の小袖も今や土用干,naki hito no / kosode mo ima ya / doyō-boshi (1688 ~ summer)
なまぐさし小菜葱が上の鮠の腸,namagusashi / konagi ga ue no / hae no wata (1693 ~ summer)
波の花と雪もや水の返り花,nami no hana to / yuki mo ya mizu no / kaeribana (1668 ~ mixed seasons)
浪の間や小貝にまじる萩の塵,nami no ma ya / ko-gai ni majiru / hagi no chiri (Oku no hosomichi) (1689 ~ autumn)
南無ほとけ草の台も涼しけれ,namo hotoke / kusa no utena mo / suzushi kare (1684 ~ spring)
七株の萩の千本や星の秋,nana kabu no / hagi no chimoto ya / hoshi no aki (1692 ~ summer)
何ごとも招き果てたる薄哉,nanigoto mo / maneki hatetaru / susuki kana (1687 ~ autumn)
何事の見立てにも似ず三日の月,nani goto no / mitate ni mo ni zu / mika no tsuki (1688 ~ summer)
なに喰うて小家は秋の柳かな,nani kūte / ko ie wa aki no / yanagi kage (1684-94 ~ autumn)
何にこの師走の市にゆく烏,nani ni kono / shiwasu no ichi ni / yuku karasu (1689 ~ New Year)
何の木の花とは知らず匂ひ哉,nani no ki no / hana to wa shira zu / nioi kana (Oi no kobumi) (1688 ~ spring)
難波津や田螺の蓋も冬ごもり,Naniwazu ya / tanishi no futa mo / fuyu-gomori (1693 ~ winter)
なほ見たし花に明け行く神の顔,nao mitashi / hana ni ake yuku / kami no kao (Oi no kobumi) (1688 ~ spring)
奈良七重七堂伽藍八重桜,Nara nanae / shichi dō garan / yae-zakura (1684-94 ~ spring)
なりにけりなりにけりまで年の暮,nari ni keri / nari ni keri made / toshi no kure (1676 ~ New Year)
夏近しその口たばへ花の風,natsu chikashi / sono kuchi tabae / hana no kaze (1668 ~ spring)
夏衣いまだ虱を取りつくさず,natsu-goromo / imada shirami o / tori tsukusa zu (Nozarashi kikō) (1685 ~ summer)
夏かけて名月暑き涼み哉,natsu kakete / meigetsu atsuki / suzumi kana (1693 ~ autumn)
夏来てもただひとつ葉の一葉かな,natsu ki te mo / tada hitotsuba no / hito ha kana (1688 ~ summer)
夏木立佩くや深山の腰ふさげ,natsu kodachi / haku ya miyama no / koshi fusage (1672 ~ summer)
夏草に富貴を飾れ蛇の衣,natsukusa ni / fūki o kazare / hebi no kinu (1690 ~ summer)
夏草や兵どもが夢の跡,natsukusa ya / tsuwamono domo ga / yume no ato (Oku no hosomichi) (1689 ~ summer)
夏草や我先達ちて蛇狩らん,natsukusa ya / ware saki dachite / hebi kara n (1690 ~ summer)
夏の月御油より出でて赤坂や,natsu no tsuki / Goyu yori idete / Akasaka ya (1676 ~ summer)
夏の夜や木魂に明くる下駄の音,natsu no yo ya / kodama ni akuru / geta no oto (1691 ~ summer)
夏の夜や崩れて明けし冷しもの,natsu no yo ya / kuzurete akeshi / hiyashi mono (1694 ~ summer)
夏山に足駄を拝む首途哉,natsu yama ni / ashida o ogamu / kadode kana (Oku no hosomichi) (1689 ~ summer)
納豆切る音しばし待て鉢叩き,nattō kiru / oto shibashi mate / hachi tataki (1690 ~ winter)
葱白く洗ひあげたる寒さかな,nebuka shiroku / araiagetaru / samusa kana (1691 ~ autumn)
合歓の木の葉越しも厭へ星の影,nebu no ki no / hagoshi mo itoe / hoshi no kage (1690 ~ summer)
涅槃会や皺手合する数珠の音,nehan e ya / shiwade awasuru / juzu no oto (1694 ~ spring)
猫の恋やむとき閨の朧月,neko no koi / yamu toki neya no / oboro-zuki (1692 ~ spring)
猫の妻竃の崩れより通ひけり,neko no tsuma / hetsui no kazure yori / kayoi keri (1677 ~ spring)
子の日しに都へ行かん友もがな,nenohi shi ni / miyako e ika n / tomo mo gana (1685 ~ New Year)
寝たる萩や容顔無礼花の顔,ne taru hagi ya / yōgan burei / hana no kao (1666 ~ autumn)
似合はしや豆の粉飯に桜狩り,niawashi ya / mame no ko meshi ni / sakura-gari (1690 ~ spring)
西か東かまず早苗にも風の音,nishi ka higashi ka / mazu sanae ni mo / kaze no oto (1689 ~ summer)
庭掃いて出でばや寺に散る柳,niwa haite / ide baya tera ni / chiru yanagi (Oku no hosomichi) (1689 ~ autumn)
庭掃きて雪を忘るる帚かな,niwa hakite / yuki o wasururu / hahaki kana (1692 ~ winter)
呑み明けて花生けにせん二升樽,nomi akete / hana ike ni sen / nishō daru (1691 ~ spring)
蚤虱馬の尿する枕もと,nomi shirami / uma no shitosuru / makura moto (Oku no hosomichi) (1689 ~ summer)
能なしの眠たし我を行々子,nōnashi no / nemutashi ware o / gyōgyōshi (Saga nikki) (1691 ~ summer)
野を横に馬牽きむけよほととぎす,no o yoko ni / uma hiki mukeyo / hototogisu (Oku no hosomichi) (1689 ~ summer)
暖簾の奥ものふかし北の梅,nōren no / oku mono fukashi / kita no ume (1688 ~ spring)
海苔汁の手際見せけり浅黄椀,nori jiru no / tegiwa mise keri / asagi wan (1684 ~ spring)
野ざらしを心に風のしむ身哉,nozarashi o / kokoro ni kaze no / shimu mi kana (Nozarashi kikō) (1684 ~ autumn)
濡れて行くや人もをかしき雨の萩,nurete yuku ya / hito mo okashiki / ame no hagi (1689 ~ autumn)
盗人に逢うた夜もあり年の暮,nusubito ni / ōta yo mo ari / toshi no kure (1693 ~ New Year)
煮麺の下焚きたつる夜寒哉,nyūmen no / shita takitatsuru / yosamu kana (1691 ~ autumn)
落ち来るや高久の宿の郭公,ochi kuru ya / Takaku no shuku no / hototogisu (1689 ~ summer)
落ざまに水こぼしけり花椿,ochizama ni / mizu koboshikeri / hana tsubaki (Year unknown ~ spring) 
扇にて酒くむ陰や散る桜,ōgi nite / sake kumu kage ya / chiru sakura (Oi no kobumi) (1688 ~ spring)
荻の穂や頭をつかむ羅生門,ogi no ho ya / kashira o tsukamu / Rashōmon (1691 ~ autumn)
荻の声こや秋風の口うつし,ogi no koe / koya akikaze no / kuchi utsushi (1666 ~ autumn)
大比叡やしの字を引いて一霞,Ō-Hie ya / shi no ji o hii te / hito kasumi (1677 ~ spring)
大井川波に塵なき夏の月,Ōi-gawa / nami ni chiri naki / natsu no tsuki (1694 ~ summer)
笈も太刀も五月に飾れ紙幟,oi mo tachi mo / satsuki ni kazare / kami nobori (Oku no hosomichi) (1689 ~ summer)
老の名のありとも知らで四十雀,oi no na no / ari tomo shira de / shijūkara (1693 ~ autumn)
祖父親孫の栄えや柿蜜柑,ōji oya / mago no sakae ya / kaki mikan (1691 ~ autumn)
起きあがる菊ほのかなり水のあと,okiagaru / kiku honokanari / mizu no ato (1687 ~ autumn)
起きよ起きよ我が友にせん寝る胡蝶,okiyo okiyo / waga tomo ni se n / nuru ko chō (Year unknown ~ spring)
御子良子の一本ゆかし梅の花,okorago no / hitomoto yukashi / ume no hana (Oi no kobumi) (1688 ~ spring)
送られつ 送りつ果ては 木曾の秋,okura re tsu / okuri tsu hate wa / Kiso no aki (1688 ~ autumn)
送られつ別れつ果ては木曾の秋,okura re tsu / wakare tsu hate wa / Kiso no aki (Sarashina kikō) (1688 ~ autumn)
御命講や油のような酒五升,o meiko ya / abura no yōna / sake goshō (1692 ~ winter)
近江蚊帳汗やさざ波夜の床,Ōmi-gaya / ase ya saza nami / yoru no toko (1677 ~ summer)
思ひ立つ木曾や四月の桜狩り,omoi tatsu / Kiso ya shigatsu no / sakura-gari (1685 ~ spring)
俤や姥ひとり泣く月の友,omokage ya / oba hitori naku / tsuki no tomo (Sarashina kikō) (1688 ~ autumn)
おもしろき秋の朝寝や亭主ぶり,omoshiroki / aki no asane ya / teishu buri (1694 ~ autumn)
面白し雪にやならん冬の雨,omoshiroshi / yuki ni ya nara n / fuyu no ame (1687 ~ winter)
おもしろうてやがて悲しき鵜舟哉,omoshirō te / yagate kanashiki / u-bune kana (1688 ~ summer)
おもしろや今年の春も旅の空,omoshiro ya / kotoshi no haru mo / tabi no sora (1689 ~ spring)
己が火を木々の螢や花の宿,onoga hi o / kigi no hotaru ya / hana no yado
小野炭や手習ふ人の灰ぜせり,Ono-zumi ya / tenarau hito / hai zeseri (1680 ~ winter)
阿蘭陀も花に来にけり馬に鞍,Oranda mo / hana ni ki ni keri / uma ni kura (1679 ~ spring)
折々に伊吹を見ては冬籠り,ori ori ni / ibuki o mite wa / fuyu-gomori (1691 ~ winter)
折々は酢になる菊の肴かな,ori ori wa / su ni naru kiku no / sakana kana (1691 ~ autumn)
幼名や知らぬ翁の丸頭巾,osana na ya / shira nu okina no / maru zukin (1684-94 ~ mixed seasons)
衰ひや歯に喰ひ当てし海苔の砂,otoroi ya / ha ni kuiateshi / nori no suna (1691 ~ spring)
大津絵の筆のはじめは何仏,ōtsu e no / fude no hajime wa / nani botoke (1691 ~ New Year)
蘭の香や蝶の翅に熏物す,ran no ka ya / chō no tsubasa ni / takimono su (Nozarashi kikō) (1684 ~ spring)
炉開きや左官老い行く鬢の霜,robiraki ya / sakan oi yuku / bin no shimo (1692 ~ winter)
六月や峰に雲置く嵐山,rokugatsu ya / mine ni kumo oku / Arashiyama (1694 ~ summer)
櫓の声波を打つて腸氷る夜や涙,ro no koe nami o utte / harawata kōru / yo ya namida (1680 ~ winter)
留守に来て梅さへよその垣穂かな,rusu ni kite / ume sae yoso no / kakiho kana (1687 ~ spring)
留守のまに荒れたる神の落葉かな,rusu no ma ni / aretaru kami no / ochiba kana (1691 ~ winter)
両の手に桃と桜や草の餅,ryō no te ni / momo to sakura ya / kusa no mochi (1692 ~ spring)
龍宮も今日の潮路や土用干,Ryūgū mo / kyō no shioji ya / doyō-boshi (1677 ~ spring)
龍門の花や上戸の土産にせん,Ryūmon no / hana ya jōgo no / tsuto ni se n (Oi no kobumi) (1688 ~ spring)
寂しさや岩にしみ込む蝉の聲,sabishisa ya / iwa ni shimikomu / semi no koe (1689 ~ summer)
淋しさや壁に掛けたるきりぎりす,sabishisa ya / kugi ni kaketaru / kirigirisu (1691 ~ autumn)
寂しさや須磨に勝ちたる浜の秋,sabishisa ya / Suma ni kachi taru / Hama no aki (Oku no hosomichi) (1689 ~ autumn)
西行の庵もあらん花の庭,Saigyō no / iori mo ara n / hana no niwa (1684-94 ~ spring)
西行の草鞋もかかれ松の露,Saigyō no / waraji mo kakare / matsu no tsuyu (1689 ~ mixed seasons)
盛りぢや花に座浮法師ぬめり妻,sakari ja hana ni / sozoro ukibōshi / numeri zuma (1681 ~ spring)
盛りなる梅にす手引く風もがな,sakari naru / ume ni sude hiku / kaze mogana (1667 ~ spring)
盃に泥な落しそ群燕,sakazuki ni / doro na otoshi so / mura tsubame (1688 ~ spring)
盃にみつの名を飲む今宵かな,sakazuki ni / mitsu no na o nomu / koyoi kana (1685 ~ mixed seasons)
盃の下ゆく菊や朽木盆,sakazuki no / shita yuku kiku ya / kutsuki bon (1675 ~ autumn)
盃や山路の菊と是を干す,sakazuki ya / yamaji no kiku to / kore o hosu (1679 ~ autumn)
酒飲めばいとど寝られね夜の雪,sake nomeba / itodo nerarene / yoru no yuki (1686 ~ winter)
酒飲みに語らんかかる滝の花,sakenomi ni / katara n kakaru / taki no hana (Oi no kobumi) (1688 ~ spring)
咲き乱す桃の中より初桜,saki midasu / momo no naka yori / hatsu-zakura (1684-94 ~ spring)
桜狩り奇特や日々に五里六里,sakura-gari / kidoku ya hibi ni / go ri roku ri (Oi no kobumi) (1688 ~ spring)
桜より松は二木を三月越し,sakura yori / matsu wa futaki o / mitsuki goshi (Oku no hosomichi) (1689 ~ summer)
さまざまの事思ひ出す桜かな,sama zama no / koto omoidasu / sakura kana (Oi no kobumi) (1688 ~ spring)
五月雨も瀬踏み尋ねぬ見馴河,samidare mo / sebumi tazune nu / Minare-gawa (1670 ~ summer)
五月雨に隠れぬものや瀬田の橋,samidare ni / kakure nu mono ya / Seta no hashi (1688 ~ summer)
五月雨に鳰の浮巣を見にゆかん,samidare ni / nio no uki su o / mi ni yuka n (1687 ~ summer)
五月雨に御物遠や月の顔,samidare ni / on mono dō ya / tsuki no kao (1666 ~ summer)
五月雨に鶴の足短くなれり,samidare ni / tsuru no ashi / mijikaku nareri (1681 ~ summer)
五月雨の降り残してや光堂,samidare no / furi nokoshite ya / hikari dō (Oku no hosomichi) (1689 ~ summer)
五月雨の空吹き落せ大井川,samidare no / sora fukio otose / Ōi-gawa (1694 ~ summer)
五月雨をあつめて早し最上川,samidare o / atsume te hayashi / Mogami-gawa (Oku no hosomichi) (1689 ~ summer)
五月雨は滝降り埋むみかさ哉,samidare wa / taki furi uzumu / mikasa kana (1689 ~ summer)
五月雨や蚕煩ふ桑の畑,samidare ya / kaiko wazurau / kuwa no hata (1694 ~ summer)
五月雨や桶の輪切るる夜の声,samidare ya / oke no wa kiruru / yoru no koe (1687 ~ summer)
五月雨や龍燈あぐる番太郎,samidare ya / ryūtō aguru / Bantarō (1677 ~ summer)
五月雨や色紙へぎたる壁の跡,samidare ya / shikishi hegitaru / kabe no ato (Saga nikki) (1691 ~ summer)
寒からぬ露や牡丹の花の蜜,samukara nu / tsuyu ya botan no / hana no mitsu (1694 ~ summer)
寒けれど二人寝る夜ぞ頼もしき,samukeredo / futari nuru yo zo / tanomoshiki (Oi no kobumi) (1687 ~ winter)
早苗とる手もとや昔しのぶ摺,sanae toru / temoto ya mukashi / shinobu zuri (Oku no hosomichi) (1689 ~ summer)
三尺の山も嵐の木の葉哉,san jaku no / yama mo arashi no / ko no ha kana (1690 ~ winter)
皿鉢もほのかに闇の宵涼み,sara bachi mo / honokani yami no / yoi suzumi (1694 ~ summer)
さればこそ荒れたきままの霜の宿,sareba koso / are taki mama no / shimo no yado (1687 ~ winter)
さる引の猿と世を経る秋の月,saru hiki no / saru to yo o furu / aki no tsuki (1684-94 ~ autumn)
猿引は猿の小袖を砧哉,saru hiki wa / saru no kosode o / kinuta kana (1684-94 ~ autumn)
猿を聞く人捨子に秋の風いかに,saru o kiku hito / sutego ni aki no / kaze ikani (Nozarashi kikō) (1684 ~ autumn)
篠の露袴に掛けし茂り哉,sasa no tsuyu / hakama ni kakeshi / shigeri kana (1693 ~ spring)
さし籠る葎の友か冬菜売り,sashi komoru / mugura no tomo ka / fuyu na uri (1688 ~ winter)
里人は稲に歌詠む都かな,sato-bito wa / ine ni uta yomu / miyako kana (1688 ~ spring)
里古りて柿の木持たぬ家もなし,sato furite / kaki no ki mota nu / ie mo nashi (1694 ~ autumn)
里の子よ梅折り残せ牛の鞭,sato no ko yo / ume orinokose / ushi no muchi (1687 ~ spring)
五月の雨岩檜葉の緑いつまでぞ,satsuki no ame / iwahiba no midori / itsumade zo (1680 ~ summer)
さざ波や風の薫の相拍子,sazanami ya / kaze no kaori no / ai byōshi (1694 ~ summer)
さざれ蟹足這ひのぼる清水かな,sazaregani / ashi hainoboru / shimizu kana (1687 ~ spring)
さぞな星ひじき物には鹿の革,sazo na hoshi / hijikimono ni wa / shika no kawa (1678 ~ summer)
関守の宿を水鶏に問はうもの,seki mori no / yado o kuina ni / toou mono (1689 ~ summer)
節季候の来れば風雅も師走哉,sekizoro no / kure ba fūga mo / shiwasu kana (1690 ~ winter)
節季候を雀の笑ふ出立かな,sekizoro o / suzume no warau / detachi kana (1692-end of the year)
芹焼や裾輪の田井の初氷,seri yaki ya / suso wa no ta i no / hatsu gōri (1693 ~ winter)
せつかれて年忘れする機嫌かな,setsukare te / toshi wasure suru / kigen kana (1684-93 ~ New Year)
柴の戸に茶を木の葉掻く嵐哉,shiba no to ni / cha o konoha kaku / arashi kana (1680 ~ autumn)
柴の戸の月やそのまま阿弥陀坊,shiba no to no / tsuki ya sono mama / Amida bō (Year unknown ~ autumn) 
しばらくは花の上なる月夜かな,shibaraku wa / hana no ue naru / tsukiyo kana (1694 ~ spring) 
暫時は滝に籠るや夏の初め,shibaraku wa / taki ni komoru ya / ge no hajime (Oku no hosomichi) (1689 ~ summer)
しばし間も待つやほととぎす千年,shibashi ma mo / matsu ya hototogi- / su sen nen (1666 ~ summer)
柴付けし馬のもどりや田植樽,shiba tsukeshi / uma no modori ya / taue daru (1694 ~ summer)
時雨をやもどかしがりて松の雪,shigure o ya / modokashi gari te / matsu no yuki (1666 ~ winter)
しぐるるや田の新株の黒むほど,shigururu ya / ta no arakabu no / kuromu hodo (1690 ~ winter)
四方より花吹き入れて鳰の波,shihō yori / hana fuki irete / nio no nami (1690 ~ spring)
椎の花の心にも似よ木曾の旅,shii no hana no / kokoro ni mo niyo / Kiso no tabi (1693 ~ summer)
鹿の角まづ一節の別れかな,shika no tsuno / mazu hito fushi no / wakare kana (Oi no kobumi) (1688 ~ spring)
島々や千々に砕きて夏の海,shimajima ya / chiji ni kudakite / natsu no umi (1689 ~ summer)
霜枯に咲くは辛気の花野哉,shimo gare ni / saku wa shinki no / hana no kana (1666 ~ autumn)
霜の後撫子咲ける火桶哉,shimo no nochi / nadeshiko sakeru / hioke kana (1690 ~ autumn)
霜を踏んでちんば引くまで送りけり,shimo o fun de / chinba hiku made / okuri keri (1679 ~ winter)
霜を着て風を敷き寝の捨子哉,shimo o kite / kaze o shikine no / sutego kana (1677 ~ winter)
死にもせぬ旅寝の果てよ秋の暮,shini mo senu / tabine no hate yo / aki no kure (Nozarashi kikō) (1684 ~ autumn)
忍さへ枯れて餅買ふ宿り哉,shinobu sae / kare te mochi kau / yadori kana (Nozarashi kikō) (1684 ~ winter)
新藁の出初めて早き時雨哉,shin wara no / de some te hayaki / shigure kana (1684-94 ~ mixed seasons)
塩鯛の歯ぐきも寒し魚の店,shio dai no / haguki mo samushi / uo no tana (1692 ~ winter)
汐越や鶴脛ぬれて海涼し,shiogoshi ya / tsuru hagi nure te / umi suzushi (Oku no hosomichi) (1689 ~ summer)
塩にしてもいざ言伝てん都鳥,shio ni shi te mo / iza kotozute n / miyako-dori (1678 ~ winter)
しをらしき名や小松吹く萩薄,shiorashiki / na ya komatsu fuku / hagi susuki (Oku no hosomichi) (1689 ~ autumn)
萎れ伏すや世はさかさまの雪の竹,shiore fusu ya / yo wa sakasama no / yuki no take (1666 ~ winter)
白髪抜く枕の下やきりぎりす,shiraga nuku / makura no shita ya / kirigirisu (1690 ~ autumn)
白芥子に羽もぐ蝶の形見哉,shira-geshi ni / hane mogu chō no / katami kana (Nozarashi kikō) (1685 ~ summer)
白芥子や時雨の花の咲きつらん,shira-geshi ya / shigure no hana no / saki tsu ran (1683 ~ summer)
白菊の目に立てて見る塵もなし,shira-giku no / me ni tatete miru / chiri mo nashi (1694 ~ autumn)
白菊よ白菊よ恥長髪よ長髪よ,shira-giku yo shira-giku yo / hiji naga kami yo / naga kami yo (1683 ~ autumn)
白露もこぼさぬ萩のうねり哉,shira tsuyu mo / kobosa nu hagi no / uneri kana (1693 ~ autumn)
白魚や黒き目を明く法の網,shira uo ya / kuroki me o aku / nori no ami (1693 ~ spring)
城跡や古井の清水まづ訪はん,shiro ato ya / furui no shimizu / mazu towa n (1688 ~ summer)
白炭やかの浦島が老の箱,shiro zumi ya / kano Urashima ga / oi no hako (1677 ~ winter)
閑かさや岩にしみ入る蝉の声,shizukasa ya / iwa ni shimi iru / semi no koe (Oku no hosomichi) (1689 ~ summer)
賎の子や稲摺りかけて月を見る,shizu no ko ya / ine suri kakete / tsuki o miru (1687 ~ autumn)
少将の尼の咄や志賀の雪,Shōshō no / ama no hanashi ya / Shiga no yuki (1689 ~ winter)
初春まづ酒に梅売る匂ひかな,shoshun mazu / sake ni ume uru / nioi kana (1685 ~ spring)
秋海棠西瓜の色に咲きにけり,shūkaidō / suika no iro ni / saki ni keri (1691 ~ summer)
僧朝顔幾死に返る法の松,sō asagao / iku shini kaeru / nori no matsu (Nozarashi kikō) (1684 ~ mixed seasons)
蕎麦もみてけなりがらせよ野良の萩,soba mo mite / kenarigara seyo / nora no hagi (1691 ~ autumn)
蕎麦はまだ花でもてなす山路かな,soba wa mada / hana de motenasu / yamaji kana (1694 ~ autumn)
袖の色よごれて寒し濃鼠,sode no iro / yogorete samushi / koi nezumi (1684-94 ~ autumn)
袖よごすらん田螺の海士の隙を無み,sode yogosu ran / tanishi no ama no / hima o na mi (1682 ~ spring)
蒼海の浪酒臭し今日の月,sōkai no / nami sake kusashi / kyō no tsuki (1679 ~ autumn)
その形見ばや枯木の杖の長,sono katachi / mi baya kareki no / tsue no take (1688 ~ winter)
そのままよ月もたのまじ伊吹山,sono mama yo / tsuki mo tanoma ji / Ibuki-yama (1689 ~ autumn)
その匂ひ桃より白し水仙花,sono nioi / momo yori shiroshi / suisen ka (1692 ~ spring)
その玉や羽黒にかへす法の月,sono tama ya / Haguro ni kaesu / nori no tsuki (1689 ~ autumn)
水学も乗物貸さん天の川,Suigaku mo / norimono kasa n / Ama-no-gawa (1678 ~ summer)
水仙や白き障子のとも移り,suisen ya / shiroki shōji no / tomo utsuri (1691 ~ spring but written in autumn)
須磨寺や吹かぬ笛聞く木下闇,Suma-dera ya / fuka nu fue kiku / koshita yami (Oi no kobumi) (1688 ~ summer)
須磨の海士の矢先に鳴くか郭公,Suma no ama no / yasaki ni naku ka / hototogisu (Oi no kobumi) (1688 ~ summer)
須磨の浦の年取り物や柴一把,Suma no ura no / toshitori mono ya / shiba ichiwa (1684-94 ~ New Year)
住みつかぬ旅の心や置火燵,sumi tsukanu / tabi no kokoro ya / okigotatsu (1690 ~ winter)
駿河路や花橘も茶の匂ひ,Suruga ji ya / hana tachibana mo / cha no nioi (1694 ~ summer)
煤掃は己が棚つる大工かな,susu haki wa / ono ga tana tsuru / daiku kana (1693 ~ New Year)
煤掃は杉の木の間の嵐哉,susu haki wa / sugi no ko no ma no / arashi kana (1690 ~ winter)
雀子と声鳴きかはす鼠の巣,suzume ko to / koe naki kawasu / nezumi no su (1684-94 ~ spring)
硯かと拾ふやくぼき石の露,suzuri ka to / hirou ya kuboki / ishi no tsuyu (1689 ~ autumn)
涼しさの指図に見ゆる住まひ哉,suzushisa no / sashizu ni miyuru / sumai kana (1694 ~ summer)
涼しさを飛騨の工が指図かな,suzushisa o / Hida no takumi ga / sashizu kana (1694 ~ summer)
涼しさを絵にうつしけり嵯峨の竹,suzushisa o / e ni utsushi keri / Saga no take (1694 ~ summer)
涼しさを我が宿にしてねまるなり,suzushisa o / waga yado ni shite / nemaru nari (Oku no hosomichi) (1689 ~ summer)
涼しさやほの三日月の羽黒山,suzushisa ya / hono mikazuki no / Haguro-yama (Oku no hosomichi) (1689 ~ summer)
涼しさや直に野松の枝の形,suzushisa ya / sugu ni no matsu no / eda no nari (1694 ~ summer)
旅人の心にも似よ椎の花,tabibito no / kokoro ni mo niyo / shii no hana (1693 ~ summer)
旅人と我が名呼ばれん初時雨,tabibito to / waga na yobare n / hatsu shigure (Oi no kobumi) (1687 ~ winter)
旅烏古巣は梅になりにけり,tabi-garasu / furu su wa ume ni / narini keri (1685 ~ spring)
旅寝して見しや浮世の煤払ひ,tabine shite / mi shi ya ukiyo no / susu harai (Oi no kobumi) (1687 ~ New Year)
旅寝して我が句を知れや秋の風,tabine shite / waga ku o shire ya / aki no kaze (1687 ~ autumn)
旅寝よし宿は師走の夕月夜,tabine yoshi / yado wa shiwasu no / yūzukiyo (1687 ~ winter)
旅に飽きてけふ幾日やら秋の風,tabini akite / kyō ikuka yara / aki no kaze (1688 ~ autumn)
旅に病んで夢は枯野をかけ迴る,tabi ni yande / yume wa kare no o / kake meguru (1694 ~ autumn)
橘やいつの野中の郭公,tachibana ya / itsu no nonaka no / hototogisu (1690 ~ summer)
誰が聟ぞ歯朶に餅負ふうしの年,taga muko zo / shida ni mochi ou / ushi no toshi (Nozarashi kikō) (1685 ~ New Year)
田一枚植ゑて立ち去る柳かな,ta ichi mai / uete tachisaru / yanagi kana (Oku no hosomichi) (1689 ~ summer)
鷹ひとつ見付けてうれしいらご崎,taka hitotsu / mitsuke te ureshi / Iragozaki (Oi no kobumi) (1687 ~ winter)
高水に星も旅寝や岩の上,takamizu ni / hoshi mo tabine ya / iwa no ue (1693 ~ summer)
鷹の目も今や暮れぬと鳴く鶉,taka no me mo / ima ya kurenu to / naku uzura (1691 ~ autumn)
たかうなや雫もよよの篠の露,takauna ya / shizuku mo yoyo no / sasa no tsuyu (Year unknown ~ summer)
茸狩やあぶなきことに夕時雨,take-gari ya / abunaki koto ni / yū shigure (1689 ~ winter)
竹の子や稚き時の絵のすさび,takenoko ya / osanaki toki no / e no susabi (Saga nikki) (1691 ~ spring)
蛸壺やはかなき夢を夏の月,tako tsubo ya / hakanaki yume o / natsu no tsuki (Oi no kobumi) (1688 ~ summer)
玉祭り今日も焼場の煙哉,Tama Matsuri / kyō mo yakiba no / kemuri kana (1690 ~ summer)
矯めつけて雪見にまかる紙子哉,tametsuke te / yuki mi ni makaru / kamiko kana (Oi no kobumi) (1687 ~ winter)
手向けけり芋は蓮に似たるとて,tamuke keri / imo wa hachisu ni / ni taru tote (1683 ~ summer)
七夕の逢はぬ心や雨中天,Tanabata no / awanu kokoro ya / uchūten (1666 ~ autumn)
七夕や秋を定むるはじめの夜,Tanabata ya / aki o sadamuru / hajime no yo (1694 ~ summer)
七夕や秋を定むる夜のはじめ,Tanabata ya / aki o sadamuru / yo no hajime (1694 ~ summer)
たんだすめ住めば都ぞ今日の月,tanda sume / sume ba miyako zo / Kyō no tsuki (1666 ~ autumn)
種芋や花の盛りに売り歩く,tane imo ya / hana no sakari ni / uri aruku (1690 ~ spring)
楽しさや青田に涼む水の音,tanoshisa ya / aota ni suzumu / mizu no oto (1688 ~ summer)
誰やらがかたちに似たり今朝の春,tare yara ga / katachi ni ni tari / kesa no haru (1687 ~ New Year)
たわみては雪待つ竹の気色かな,tawamite wa / yuki matsu take no / keshiki kana (1694 ~ summer)
田や麦や中にも夏のほととぎす,ta ya mugi ya / nakanimo natsu no / hototogisu (1689 ~ summer)
手鼻かむ音さへ梅の盛り哉,tebana kamu / oto sae ume no / sakari kana (1688 ~ spring)
庭訓の往来誰が文庫より今朝の春,Teikin no ōrai / ta ga bunko yori / kesa no haru (1678 ~ spring)
天秤や京江戸かけて千代の春,tenbin ya / Kyō Edo kakete / chiyo no haru (1676 ~ New Year)
手に取らば消えん涙ぞ熱き秋の霜,te ni toraba kie n / namida zo atsuki / aki no shimo (Nozarashi kikō) (1684 ~ autumn)
手を打てば木魂に明くる夏の月,te o uteba / kodama ni akuru / natsu no tsuki (Saga nikki) (1691 ~ summer)
寺に寝てまこと顔なる月見哉,tera ni nete / makoto-gao naru / tsukimi kana (1687 ~ autumn)
冬瓜やたがひに変る顔の形,tōgan ya / tagai ni kawaru / kao no nari (1694 ~ autumn)
磨ぎなほす鏡も清し雪の花,togi naosu / kagami mo kiyoshi / yuki no hana (Oi no kobumi) (1687 ~ winter)
唐黍や軒端の荻の取りちがへ,tōkibi ya / nokiba no ogi no / tori chigae (1677 ~ summer)
当帰よりあはれは塚の菫草,tōki yori / aware wa tsuka no / sumire-gusa (1693 ~ spring)
ともかくもならでや雪の枯尾花,tomokaku mo / narade ya yuki no / kare obana (1691 ~ winter)
蜻蜒や取りつきかねし草の上,tonbō ya / tori tsuki kane shi / kusa no ue (1690 ~ autumn)
戸の口に宿札名乗れほととぎす,to no kuchi ni / yado fuda nanore / hototogisu (1683 ~ summer)
鳥刺も竿や捨てけんほととぎす,torisashi mo / kasa ya sute ken / hototogisu (1685 ~ summer)
年々や桜を肥やす花の塵,toshi doshi ya / sakura o koyasu / hana no chiri (1691 ~ spring)
年々や猿に着せたる猿の面,toshi doshi ya / saru ni kisetaru / saru no men (1693 ~ New Year)
年暮れぬ笠着て草鞋はきながら,toshi kurenu / kasa ki te waraji / haki nagara (Nozarashi kikō) (1685 ~ New Year)
年の市線香買ひに出でばやな,toshi no ichi / senkō kai ni / ide baya na (1687 ~ New Year)
年は人にとらせていつも若夷,toshi wa hito ni / tora se te itsumo / waka Ebisu (1666 ~ spring)
尊がる涙や染めて散る紅葉,tōtogaru / namida ya somete / chiru momiji (1691 ~ autumn)
尊さに皆おしあひぬ御遷宮,tōtosa ni / mina oshi ai nu / go sengū (1689 ~ mixed seasons)
たふとさや雪降らぬ日も蓑と笠,tōto sa ya / yuki fura nu hi mo / mino to kasa (1691 ~ spring)
塚も動け我が泣く声は秋の風,tsuka mo ugoke / waga naku koe wa / aki no kaze (Oku no hosomichi) (1689 ~ autumn)
撞鐘もひびくやうなり蝉の声,tsuki-gane mo / hibiku yōnari / semi no koe (1688 ~ summer)
月花もなくて酒のむ独り哉,tsuki hana mo / nakute sake nomu / hitori kana (1689 ~ mixed seasons)
月花の愚に針立てん寒の入り,tsuki hana no / gu ni hari tate n / kan no iri (1692 ~ winter)
月華の是やまことのあるじ達,tsuki hana no / kore ya makoto no / aruji tachi (1684 ~ non-seasonal)
月はやし梢は雨を持ちながら,tsuki hayashi / kozue wa ame o / mochi nagara (1687 ~ autumn)
月いづく鐘は沈める海の底,tsuki izuku / kane wa shizumeru / umi no soko (1689 ~ autumn)
月十四日今宵三十九の童部,tsuki jū yokka / koyoi san jū ku no / warabe (1683 ~ autumn)
月か花か問へど四睡の鼾哉,tsuki ka hana ka / toe do shisui no / ibiki kana (1689 ~ mixed seasons)
月影や四門四宗もただ一つ,tsuki kage ya / shimon shishū mo / tada hitotsu (Sarashina kikō) (1688 ~ autumn)
月清し遊行の持てる砂の上,tsuki kiyoshi / Yugyō no moteru / suna no ue (Oku no hosomichi) (1689 ~ autumn)
月待や梅かたげ行く小山伏,tsuki machi ya / ume katage yuku / ko yamabushi (1691 ~ spring)
月見せよ玉江の芦を刈らぬ先,tsukimi seyo / Tamae no ashi o / kara nu saki (1689 ~ autumn)
月見する座に美しき顔もなし,tsukimi suru / za ni utsukushiki / kao mo nashi (1690 ~ autumn)
月見ても物足らはずや須磨の夏,tsuki mite mo / mono tara wazu ya / Suma no natsu (Oi no kobumi) (1688 ~ summer)
月に名を包みかねてや痘瘡の神,tsuki ni na o / tsutsumi kane te ya / imo no kami (1689 ~ autumn)
月の鏡小春に見るや目正月,tsuki no kagami / koharu ni miru ya / me shōgatsu (1666 ~ autumn)
月のみか雨に相撲もなかりけり,tsuki nomi ka / ame ni sumō mo / nakari keri (1689 ~ autumn)
月さびよ明智が妻の咄せん,tsuki sabiyo / Akechi ga tsuma no / hanashi se n (1689 ~ autumn)
月白き師走は子路が寝覚め哉,tsuki shiroki / shiwasu wa Shiro ga / nezame kana (1686 ~ winter)
月代や膝に手を置く宵の程,tsuki shiro ya / hiza ni te o oku / yoi no hodo (1690 ~ autumn)
月代や膝に手を置く宵の内,tsuki shiro ya / hiza ni te o oku / yoi no uchi (1690 ~ autumn)
月代や膝に手を置く宵の宿,tsuki shiro ya / hiza ni te o oku / yoi no yado (1690 ~ autumn)
月澄むや狐こはがる児の供,tsuki sumu ya / kitsune kowagaru / chigo no tomo (1694 ~ autumn)
月はあれど留守のやうなり須磨の夏,tsuki wa are do / rusu no yō nari / Suma no natsu (Oi no kobumi) (1688 ~ summer)
月やその鉢木の日のした面,tsuki ya sono / hachi no ki no hi no / shita omote (1693 ~ autumn)
月雪とのさばりけらし年の暮,tsuki yuki to / nosabari kerashi / toshi no kure (1686 ~ winter)
月ぞしるべこなたへ入らせ旅の宿,tsuki zo shirube / konata e irase / tabi no yado (1663 ~ autumn)
作りなす庭をいさむる時雨かな,tsukurinasu / niwa o isamuru / shigure kana (1691 ~ autumn)
摘みけんや茶を凩の秋とも知らで,tsumi ken ya / cha o kogarashi no / aki to mo shira de (1681 ~ autumn)
鶴鳴くやその声に芭蕉破れぬべし,tsuru naku ya / sono koe ni Bashō / yare nu beshi (1689 ~ mixed seasons)
鶴の毛の黒き衣や花の雲,tsuru no ke no / kuroki koromo ya / hana no kumo (1693 ~ spring)
蔦の葉は昔めきたる紅葉哉,tsuta no ha wa / mukashi meki taru / momiji kana (1688 ~ autumn)
蔦植ゑて竹四五本の嵐哉,tsuta ue te / take shi go hon no / arashi kana (Nozarashi kikō) (1684 ~ autumn)
躑躅生けてその陰に干鱈割く女,tsutsuji ikete / sono kage ni / hidara saku onna (Nozarashi kikō) (1685 ~ spring)
露凍てて筆に汲み干す清水哉,tsuyu itete / fude ni kumihosu / shimizu kana (1687 ~ winter)
露とくとく試みに浮世すすがばや,tsuyu toku toku / kokoromi ni ukiyo / susugabaya (Nozarashi kikō) (Year unknown ~ autumn)
姥桜咲くや老後の思い出,uba-zakura / saku ya rōgo no / omoiide (1664 ~ spring)
団扇もてあふがん人のうしろむき,uchiwa mote / aoga n hito no / ushiro muki (Year unknown ~ summer)
うち山や外様しらずの花盛り,Uchiyama ya / tozama shira zu no / hana zakari (1670 ~ spring)
打ち寄りて花入探れ梅椿,uchi yorite / hana ire sagure / ume tsubaki (1692 ~ winter)
鶯の笠落したる椿かな,uguisu no / kasa otoshitaru / tsubaki kana (1689 ~ spring)
鶯を魂にねむるか嬌柳,uguisu o / tama ni nemuru ka / tao yanagi (1683 ~ spring)
鶯や餅に糞する縁の先,uguisu ya / mochi ni funsuru / en no saki (1692 ~ New Year)
鶯や竹の子薮に老を鳴く,uguisu ya / take no ko yabu ni / oi o naku (1694 ~ summer)
鶯や柳のうしろ薮の前,uguisu ya / yanagi no ushiro / yabu no mae (1693 ~ spring)
うかれける人や初瀬の山桜,ukare keru / hito ya Hatsuse no / yama-zakura (1668 ~ spring)
憂き節や竹の子となる人の果て,uki fushi ya / take no ko to naru / hito no hate (Saga nikki) (1691 ~ summer)
憂き人の旅にも習へ木曾の蠅,uki hito no / tabi ni mo narae / Kiso no hae (1693 ~ summer)
憂きわれを寂しがらせよ秋の寺,uki ware o / sabishi gara seyo / aki no tera (1689 ~ autumn)
憂き我をさびしがらせよ閑古鳥,uki ware o / sabishi gara seyo / kankodori (Saga nikki) (1691 ~ summer)
馬ぼくぼくわれを絵に見る夏野哉,uma bokuboku / ware o e ni miru / natsu no kana (1683 ~ summer)
馬方は知らじ時雨の大井川,uma kata wa / shira ji shigure no / Ōi-gawa (1691 ~ winter)
馬に寝て残夢月遠し茶の煙,uma ni ne te / zanmu tsuki tōshi / cha no kemuri (Nozarashi kikō) (1684 ~ autumn)
馬をさへ眺むる雪の朝哉,uma o sae / nagamuru yuki no / ashita kana (Nozarashi kikō) (1684 ~ winter)
梅が香に昔の一字あはれなり,ume ga ka ni / mukashi no ichiji / aware nari (1694 ~ spring)
梅が香にのつと日の出る山路哉,ume ga ka ni / notto hi no deru / yamaji kana (1694 ~ spring)
梅が香に追ひもどさるる寒さかな,ume ga ka ni / oi modosa ruru / samusa kana (1684-94 ~ spring)
梅が香や見ぬ世の人に御意を得る,ume ga ka ya / mi nu yo no hito ni / gyoi o uru (1684-94 ~ spring)
梅が香やしらら落窪京太郎,ume ga ka ya / shirara ochikubo / kyōtarō (1691 ~ spring)
梅恋ひて卯の花拝む涙哉,ume koite / u no hana ogamu / namida kana (Nozarashi kikō) (1685 ~ mixed seasons)
梅の木になほ宿り木や梅の花,ume no ki ni / nao yadorigi ya / ume no hana (Oi no kobumi) (1688 ~ spring)
梅白し昨日や鶴を盗まれし,ume shiroshi / kinō ya tsuru o / nusuma re shi (Nozarashi kikō) (1685 ~ spring)
梅椿早咲き褒めん保美の里,ume tsubaki / haya-zaki home n / hobi no sato (1687 ~ mixed seasons)
梅若菜丸子の宿のとろろ汁,ume wakana / Mariko no shuku no / tororo-jiru (1691 ~ spring)
梅柳さぞ若衆かな女かな,ume yanagi / sazo wakashu kana / onna kana (1682 ~ spring)
海暮れて鴨の声ほのかに白し,umi kure te / kamo no koe / honoka ni shiroshi (Nozarashi kikō) (1685 ~ winter)
海は晴れて比叡降り残す五月哉,umi wa harete / Hie furi nokosu / satsuki kana (1688 ~ summer)
卯の花も母なき宿ぞ冷じき,u no hana mo / haha naki yado zo / susamajiki (1687 ~ autumn)
卯の花や暗き柳の及び腰,u no hana ya / kuraki yanagi no / oyobigoshi (1694 ~ summer)
魚鳥の心は知らず年忘れ,uo tori no / kokoro wa shirazu / toshi wasure (1691 ~ New Year)
うらやまし浮世の北の山桜,urayamashi / ukiyo no kita no / yama-zakura (1692 ~ spring)
瓜の花雫いかなる忘れ草,uri no hana / shizuku ikanaru / wasure-gusa (1687 ~ summer)
瓜の皮剥いたところや蓮台野,uri no kawa / mui ta tokoro ya / Rendaino (1694 ~ summer)
瓜作る君があれなと夕涼み,uri tsukuru / kimi ga are na to / yūsuzumi (1687 ~ summer)
植うる事子のごとくせよ児桜,ūru koto / ko no gotoku seyo / chigo-zakura (Year unknown ~ spring)
牛部屋に蚊の声暗き残暑哉,ushi-beya ni / ka no koe kuraki / zansho kana (1691 ~ summer)
うたがふな潮の花も浦の春,utagau na / ushio no hana mo / ura no haru (1689 ~ spring)
美しきその姫瓜や后ざね,utsukushiki / sono hime uri ya / kisaki zane (1671 ~ summer)
埋火も消ゆや涙の烹ゆる音,uzumi-bi mo / kiyu ya namida no / niyuru oto (1688 ~ winter)
埋火や壁には客の影法師,uzumi-bi ya / kabe ni wa kyaku no / kagebōshi (1692 ~ winter)
侘びてすめ月侘斎が奈良茶歌,wabi te sume / tsuki wabisai ga / Nara cha uta (1682 ~ autumn)
わが衣に伏見の桃の雫せよ,waga kinu ni / Fushimi no momo no / shizuku seyo (Nozarashi kikō) (1685 ~ spring)
我がためか鶴食み残す芹の飯,waga tame ka / tsuru hami nokosu / seri no meshi (1683 ~ winter)
わが宿は蚊の小さきを馳走かな,waga yado wa / ka no chiisaki o / chisō kana (1690 ~ summer)
わが宿は四角な影を窓の月,waga yado wa / shikakuna kage o / mado no tsuki (1684-94 ~ autumn)
若葉して御目の雫ぬぐはばや,wakaba shite / onme no shizuku / nuguwa baya (Oi no kobumi) (1688 ~ spring)
別れ端や笠手に提げて夏羽織,wakare ba ya / kasa te ni sagete / natsu-baori (1684-94 ~ summer)
笑ふべし泣くべしわが朝顔の凋む時,warau beshi naku beshi / waga asagao no / shibomu toki (1683 ~ summer)
我も神のひさうや仰ぐ梅の花,ware mo kami no / hisō ya aogu / ume no hana (1676 ~ spring)
我に似るなふたつに割れし真桑瓜,ware ni niru na / futatsu ni ware shi / makuwauri (1690 ~ summer)
早稲の香や分け入る右は有磯海,wase no ka ya / wakeiru migi wa / Ariso-umi (Oku no hosomichi) (1689 ~ autumn)
忘れ草菜飯に摘まん年の暮,wasure-gusa / nameshi ni tsuma n / toshi no kure (1678 ~ New Year)
忘れずば佐夜の中山にて涼め,wasure zu ba / Sayo no Nakayama / nite suzume (1684 ~ summer)
忘るなよ薮の中なる梅の花,wasuruna yo / yabu no naka naru / ume no hana (1687 ~ spring)
綿弓や琵琶になぐさむ竹の奥,watayumi ya / biwa ni nagusamu / take no oku (Nozarashi kikō) (1684 ~ summer)
煩へば餅をも喰はず桃の花,wazurae ba / mochi o mo kuwa zu / momo no hana (1686 ~ spring)
宿借りて名を名乗らする時雨哉,yado karite / na o nanora suru / shigure kana (1691 ~ winter)
宿りせん藜の杖になる日まで,yadori se n / akaza no tsue ni / naru hi made (1688 ~ summer)
やがて死ぬけしきは見えず蝉の声,yagate shinu / keshiki wa miezu / semi no koe (1690 ~ summer)
薬欄にいづれの花を草枕,yakuran ni / izure no hana o / kusa makura (1689 ~ summer)
山吹の露菜の花のかこち顔なるや,yamabuki no tsuyu / na no hana no / kakochi gao naru ya (Year unknown ~ spring)
山吹や笠に挿すべき枝の形,yamabuki ya / kasa ni sasu beki / eda no nari (1691 ~ spring)
山吹や宇治の焙炉の匂ふ時,yamabuki ya / Uji no hoiro no / niou toki (1691 ~ summer)
山寺や石にしみつく蝉の声,yamadera ya / iwa ni shimitsuku / semi no koe (1689 ~ summer)
山賎のおとがひ閉づる葎かな,yamagatsu no / otogai tozuru / mugura kana (1685 ~ summer)
山路来て何やらゆかし菫草,yamaji ki te / nani yara yukashi / sumiregusa (Nozarashi kikō) (1685 ~ spring)
山陰や身を養はん瓜畠,yamakage ya / mi o yashinawa n / uri-batake (1688 ~ summer)
山も庭に動き入るるや夏座敷,yama mo niwa ni / ugoki irū ya / natsu zashiki (1689 ~ summer)
山中や菊は手折らむ湯の匂ひ,Yamanaka ya / kiku wa taora nu / yu no nioi (Oku no hosomichi) (1689 ~ autumn)
山城へ井出の駕籠借る時雨哉,Yamashiro e / ide no kago karu / shigure kana (1689 ~ winter)
山は猫ねぶりて行くや雪の隙,yama wa neko / neburi te iku ya / yuki no hima (1683 ~ winter)
山桜瓦葺くものまづ二つ,yama-zakura / kawara fuku mono / mazu futatsu (1690 ~ spring)
山里は万歳遅し梅の花,yama-zato wa / manzai ososhi / ume no hana (1691 ~ New Year)
闇夜狐下這ふ玉真桑,yami no yo to sugoku / kitsune shita bau / tama makuwa (1681 ~ summer)
闇の夜や巣をまどはして鳴く鵆,yami no yo ya / su o madowashite / naku chidori (1691 ~ summer)
柳行李片荷は涼し初真桑,yanagigōri / katani wa suzushi / hatsu makuwa (1694 ~ summer)
痩せながらわりなき菊のつぼみ哉,yase nagara / warinaki kiku no / tsubomi kana (1687 ~ autumn)
安々と出でていざよふ月の雲,yasu yasu to / idete izayou / tsuki no kumo (1691 ~ autumn)
夜着ひとつ祈り出して旅寝かな,yogi hitotsu / inori idashite / tabine kana (1691 ~ winter)
夜着は重し呉天に雪を見るあらん,yogi wa omoshi / go ten ni yuki o / miru ara n (Year unknown ~ winter)
よき家や雀よろこぶ背戸の粟,yoki ie ya / suzume yorokobu / sedo no awa (1688 ~ summer)
よく見れば薺花咲く垣根かな,yoku mire ba / nazuna hana saku / kakine kana (1686 ~ spring)
四方に打つ薺もしどろもどろ哉,yomo ni utsu / nazuna mo shidoro / modoro kana (1688 ~ New Year)
米くるる友を今宵の月の客,yone kururu / tomo o koyoi no / tsuki no kyaku (1691 ~ autumn)
世にふるも更に宗祇の宿り哉,yo ni furu mo / sara ni Sōgi no / yadori kana (1682 ~ summer)
世に匂へ梅花一枝のみそさざい,yo ni nioe / baika isshi no / misosazai (1685 ~ spring)
世に盛る花にも念仏申しけり,yo ni sakaru / hana ni mo nebutsu / mōshikeri (1684-94 ~ spring)
世の人の見付けぬ花や軒の栗,yo no hito no / mitsuke nu hana ya / noki no kuri (Oku no hosomichi) (1689 ~ summer)
世の中は稲刈るころか草の庵,yono naka wa / ine karu koro ka / kusa no io (1687 ~ autumn)
世の夏や湖水に浮かむ浪の上,yo no natsu ya / kosui ni ukamu / nami no ue (1688 ~ summer)
世を旅に代掻く小田の行き戻り,yo o tabi ni / shiro kaku oda no / yuki modori (1694 ~ summer)
よるべをいつ一葉に虫の旅寝して,yorube o itsu / hito ha ni mushi no / tabi ne shite (1681 ~ summer)
夜ル竊ニ虫は月下の栗を穿ツ,yoru hisokani / mushi wa gekka no / kuri o ugatsu (1681 ~ autumn)
義仲の寝覚めの山か月悲し,Yoshinaka no / nezame no yama ka / tsuki kanashi (1689 ~ autumn)
吉野にて桜見せうぞ檜木笠,Yoshino nite / sakura mishō zo / hinoki-gasa (Oi no kobumi) (1688 ~ spring)
義朝の心に似たり秋の風,Yoshitomo no / kokoro ni nitari / aki no kaze (Nozarashi kikō) (1684 ~ autumn)
夜すがらや竹氷らする今朝の霜,yosugara ya / take kōrasuru / kesa no shimo (1684-94 ~ winter)
四つ五器のそろはぬ花見心哉,yotsu goki no / sorowa nu hanami / gokoro kana (1694 ~ spring)
酔うて寝ん撫子咲ける石の上,youte nen / nadeshiko sakeru / ishi no ue (1687 ~ summer)
夕晴や桜に涼む波の花,yūbare ya / sakura ni suzumu / nami no hana (1689 ~ mixed seasons)
夕にも朝にもつかず瓜の花,yūbe ni mo / asa ni mo tsuka zu / uri no hana (1690 ~ summer)
夕顔に干瓢むいて遊びけり,yūgao ni / kanpyō muite / asobi keri (1694 ~ summer)
夕顔に見とるるや身もうかりひょん,yūgao ni / mitoruru ya mi mo / ukari hyon (1666 ~ summer)
夕顔の白ク夜ノ後架に紙燭とりて,yūgao no shiroku / yoru no kōka ni / shisoku torite (1682 ~ spring)
夕顔や秋はいろいろな瓢哉,yūgao ya / aki wa iroiro no / fukube kana (1688 ~ summer)
夕顔や酔うて顔出す窓の穴,yūgao ya / youte kao dasu / mado no ana (1693 ~ summer)
雪散るや穂屋の薄の刈り残し,yuki chiru ya / hoya no susuki no / kari nokoshi (1690 ~ winter)
雪間より薄紫の芽独活哉,yuki ma yori / usu murasaki no / me udo kana (1684-94 ~ spring)
雪の朝独リ干鮭を噛み得タリ,yuki no ashita / hitori kara zake o / kami e tari (1681 ~ winter)
雪のフグ左勝水無月の鯉,yuki no fuku / hidari kachi / minazuki no koi (Year unknown ~ summer)
雪の中は昼顔枯れぬ日影哉,yuki no naka wa / hirugao kare nu / hikage kana (1683 ~ summer)
雪を待つ上戸の顏や稲光,yuki o matsu / jōgo no kao ya / inabikari (1691 ~ winter)
雪と雪今宵師走の名月か,yuki to yuki / koyoi shiwasu no / meigetsu ka (1684 ~ winter)
雪や砂馬より落ちよ酒の酔,yuki ya suna / muma yori ochiyo / sake no yoi (1687 ~ winter)
行く秋の芥子に迫りて隠れけり,yuku aki no / keshi ni semarite / kakure keri (1693 ~ autumn)
行く秋のなほ頼もしや青蜜柑,yuku aki no / nao tanomoshi ya / ao mikan (1692 ~ autumn)
行く秋や身に引きまとふ三布蒲団,yuku aki ya / mi ni hikimatou / mino-buton (1688 ~ autumn)
行く秋や手をひろげたる栗の毬,yuku aki ya / te o hiroge taru / kuri no iga (1694 ~ autumn)
行く春に和歌の浦にて追ひ付きたり,yuku haru ni / Waka-no-ura nite / oitsuki tari (Oi no kobumi) (1688 ~ spring)
行く春を近江の人と惜しみける,yuku haru o / Ōmi no hito to / oshimikeru (1690 ~ spring)
行く春や鳥啼き魚の目は涙,yuku haru ya / tori naki uo no / me wa namida (Oku no hosomichi) (1689 ~ spring)
行く駒の麦に慰む宿り哉,yuku koma no / mugi ni nagusamu / yadori kana (1685 ~ summer)
行く雲や犬の駈け尿村時雨,yuku kumo ya / inu no kake bari / mura shigure (1677 ~ winter)
行くもまた末頼もしや青蜜柑,yuku mo mata / sue tanomoshi ya / ao mikan (1692 ~ autumn)
夢よりも現の鷹ぞ頼もしき,yume yori mo / utsutsu no taka zo / tanomoshiki (1687 ~ winter)
柚の花や昔忍ばん料理の間,yu no hana ya / mukashi shinoba n / ryōri no ma (Saga nikki) (1691 ~ spring)
湯の名残り幾度見るや霧のもと,yu no nagori / iku tabi miru ya / kiri no moto (1689 ~ mixed seasons)
湯の名残り今宵は肌の寒からん,yu no nagori / koyoi wa hada no / samukara n (1689 ~ autumn)
湯をむすぶ誓ひも同じ石清水,yu o musubu / chikai mo onaji / iwashimizu (1689 ~ summer)
座頭かと人に見られて月見哉,zatō ka to / hito ni mirarete / tsukimi kana (1686 ~ autumn)
草履の尻折りて帰らん山桜,zōri no shiri / ori te kaera n / yama-zakura (1679 ~ spring)
雑水に琵琶聴く軒の霰哉,zōsui ni / biwa kiku noki no / arare kana (1684-94 ~ winter)